country,religionPrefix,actorNumber,count,avgGoldstein,avgAvgTone,quadClass1Percentage,quadClass2Percentage,quadClass3Percentage,quadClass4Percentage,windowIndex,windowStart
UK,CHR,1,246,1.8890243902439017,-0.2797402207460187,0.7398373983739838,0.0975609756097561,0.08536585365853659,0.07723577235772358,16,1499904000000
HR,JEW,1,5,-1.04,-4.853093239665374,0.2,0.0,0.8,0.0,16,1499904000000
CS,JEW,1,3,3.4,3.53227771010962,1.0,0.0,0.0,0.0,16,1499904000000
MI,MOS,1,1,0.0,3.75335120643432,1.0,0.0,0.0,0.0,16,1499904000000
TW,TAO,1,1,-5.0,-7.55500034051959,0.0,0.0,0.0,1.0,16,1499904000000
BB,CHR,1,2,-2.2,-4.3382145590782955,0.5,0.0,0.5,0.0,16,1499904000000
BX,HIN,1,1,-10.0,-6.03174603174604,0.0,0.0,0.0,1.0,16,1499904000000
HU,JEW,1,136,1.0345588235294123,-1.4258193948112459,0.7941176470588235,0.007352941176470588,0.17647058823529413,0.022058823529411766,16,1499904000000
EI,HIN,1,1,7.4,3.40557275541795,0.0,1.0,0.0,0.0,16,1499904000000
US,TAO,1,1,5.0,1.28440366972477,0.0,1.0,0.0,0.0,16,1499904000000
CD,MOS,1,2,-2.0,-3.26086956521739,0.0,0.0,1.0,0.0,16,1499904000000
CB,MOS,1,1,0.4,1.07296137339056,1.0,0.0,0.0,0.0,16,1499904000000
GZ,JEW,1,1,-10.0,-6.07560756075607,0.0,0.0,0.0,1.0,16,1499904000000
CS,HIN,1,1,0.0,3.98671096345515,1.0,0.0,0.0,0.0,16,1499904000000
SF,NRM,1,1,-2.0,1.36186770428015,0.0,0.0,1.0,0.0,16,1499904000000
RE,CHR,1,1,4.0,0.523560209424084,1.0,0.0,0.0,0.0,16,1499904000000
HA,NRM,1,1,0.0,1.77849636216654,1.0,0.0,0.0,0.0,16,1499904000000
PA,CHR,1,4,2.65,0.8922950882140002,1.0,0.0,0.0,0.0,16,1499904000000
SN,TAO,1,2,2.8,1.566829665851675,1.0,0.0,0.0,0.0,16,1499904000000
MX,BUD,1,2,-9.0,-5.17423442449841,0.0,0.0,0.0,1.0,16,1499904000000
IT,ATH,1,2,0.0,-4.40677966101695,1.0,0.0,0.0,0.0,16,1499904000000
BH,MOS,1,2,1.0,-0.0999000999001001,1.0,0.0,0.0,0.0,16,1499904000000
AF,HIN,1,1,3.4,-0.84269662921348,1.0,0.0,0.0,0.0,16,1499904000000
US,BUD,1,85,-1.1223529411764706,-2.53295489168309,0.5764705882352941,0.047058823529411764,0.11764705882352941,0.25882352941176473,16,1499904000000
RQ,CHR,1,5,-5.0,-7.012145748987891,0.0,0.0,0.0,1.0,16,1499904000000
SN,JEW,1,3,1.8999999999999997,4.65116279069767,1.0,0.0,0.0,0.0,16,1499904000000
SZ,HIN,1,1,3.0,1.01351351351352,1.0,0.0,0.0,0.0,16,1499904000000
BP,CHR,1,1,-0.4,-3.05602716468591,1.0,0.0,0.0,0.0,16,1499904000000
BG,JEW,1,5,2.2800000000000002,-1.5677306618322169,1.0,0.0,0.0,0.0,16,1499904000000
CH,ATH,1,5,-0.6,-0.6677796327212,0.4,0.0,0.4,0.2,16,1499904000000
CU,ATH,1,1,4.0,-0.644392128455875,1.0,0.0,0.0,0.0,16,1499904000000
UP,MOS,1,1,1.9,-2.84854631507775,1.0,0.0,0.0,0.0,16,1499904000000
IN,JEW,1,580,1.8546551724137874,0.32356161754372476,0.906896551724138,0.03103448275862069,0.05,0.01206896551724138,16,1499904000000
NG,CHR,1,5,2.0,-0.288617265441356,0.4,0.4,0.2,0.0,16,1499904000000
AU,JEW,1,4,2.875,-3.1679804229561004,1.0,0.0,0.0,0.0,16,1499904000000
IR,NRM,1,6,6.3999999999999995,2.0979020979021,0.0,1.0,0.0,0.0,16,1499904000000
IT,CHR,1,186,0.7204301075268826,-0.9963415483075754,0.6666666666666666,0.05913978494623656,0.20967741935483872,0.06451612903225806,16,1499904000000
JO,HIN,1,1,3.4,-3.7394451145959,1.0,0.0,0.0,0.0,16,1499904000000
DJ,CHR,1,16,-1.1,-5.023721379721858,0.5,0.0,0.0,0.5,16,1499904000000
RS,ATH,1,2,-1.0,-0.6808927395824,0.5,0.0,0.5,0.0,16,1499904000000
DA,JEW,1,1,1.9,0.0,1.0,0.0,0.0,0.0,16,1499904000000
MO,MOS,1,23,0.4869565217391304,-3.0272030110761583,0.6956521739130435,0.0,0.21739130434782608,0.08695652173913043,16,1499904000000
VM,JEW,1,5,-3.4,-1.3464752411696042,0.2,0.2,0.2,0.4,16,1499904000000
AO,CHR,1,1,5.0,-3.41409691629956,1.0,0.0,0.0,0.0,16,1499904000000
CH,JAN,1,2,-2.5,-0.23953625162528014,0.5,0.0,0.0,0.5,16,1499904000000
AS,BUD,1,1,1.9,-1.55469183786785,1.0,0.0,0.0,0.0,16,1499904000000
SN,NRM,1,1,3.4,1.41612200435729,1.0,0.0,0.0,0.0,16,1499904000000
IN,ATH,1,1,3.0,0.61682598563751,1.0,0.0,0.0,0.0,16,1499904000000
AS,NRM,1,8,2.875,1.5477308785515662,1.0,0.0,0.0,0.0,16,1499904000000
SZ,JEW,1,1,1.9,0.25974025974026,1.0,0.0,0.0,0.0,16,1499904000000
BK,CHR,1,3,-0.3333333333333333,-2.70024156118964,0.3333333333333333,0.0,0.6666666666666666,0.0,16,1499904000000
EI,JEW,1,1,0.0,1.22358327146746,1.0,0.0,0.0,0.0,16,1499904000000
GM,ATH,1,2,-3.5,0.25568315342556003,0.0,0.0,0.5,0.5,16,1499904000000
BO,JEW,1,1,3.0,-0.13812154696133,1.0,0.0,0.0,0.0,16,1499904000000
ER,CHR,1,10,-4.11,-5.508840238621998,0.4,0.0,0.1,0.5,16,1499904000000
DJ,HIN,1,3,2.9,-2.8554718825743435,1.0,0.0,0.0,0.0,16,1499904000000
RW,MOS,1,6,3.766666666666667,2.2546375799339518,1.0,0.0,0.0,0.0,16,1499904000000
BM,JEW,1,2,-4.05,2.41687232969774,0.5,0.0,0.0,0.5,16,1499904000000
QA,CHR,1,3,-0.4000000000000001,0.7505814993737734,0.6666666666666666,0.0,0.0,0.3333333333333333,16,1499904000000
NZ,JEW,1,5,3.28,-2.396667454336116,1.0,0.0,0.0,0.0,16,1499904000000
LH,CHR,1,1,7.4,-5.12048192771084,0.0,1.0,0.0,0.0,16,1499904000000
GI,MOS,1,2,1.9,-1.02986611740474,1.0,0.0,0.0,0.0,16,1499904000000
RW,CHR,1,7,2.214285714285714,-3.6448292001758986,0.5714285714285714,0.2857142857142857,0.0,0.14285714285714285,16,1499904000000
MA,MOS,1,2,1.9,3.435580425590095,1.0,0.0,0.0,0.0,16,1499904000000
FJ,SIK,1,1,-10.0,1.93236714975846,0.0,0.0,0.0,1.0,16,1499904000000
SI,CHR,1,1,1.0,2.57826887661142,1.0,0.0,0.0,0.0,16,1499904000000
BR,MOS,1,1,-2.0,-2.31481481481482,0.0,1.0,0.0,0.0,16,1499904000000
AM,CHR,1,9,-2.7333333333333334,-2.6755239524670857,0.5555555555555556,0.0,0.2222222222222222,0.2222222222222222,16,1499904000000
NI,NRM,1,6,2.8666666666666667,3.356964000776389,0.8333333333333334,0.16666666666666666,0.0,0.0,16,1499904000000
PK,ATH,1,2,-6.7,-2.66249601166872,0.0,0.0,0.5,0.5,16,1499904000000
GZ,MOS,1,7,1.8571428571428572,-3.704631119951767,0.8571428571428571,0.0,0.0,0.14285714285714285,16,1499904000000
VQ,CHR,1,3,2.6333333333333333,1.3054910207317498,1.0,0.0,0.0,0.0,16,1499904000000
JA,NRM,1,3,1.4666666666666668,1.7127447054685234,0.3333333333333333,0.3333333333333333,0.0,0.3333333333333333,16,1499904000000
EZ,MOS,1,1,-5.0,-1.81159420289855,0.0,0.0,0.0,1.0,16,1499904000000
ML,CHR,1,2,-9.0,-4.30232558139535,0.0,0.0,0.0,1.0,16,1499904000000
PO,CHR,1,9,-1.6888888888888889,-0.4293022871279948,0.5555555555555556,0.0,0.1111111111111111,0.3333333333333333,16,1499904000000
SO,SIK,1,1,3.4,3.48644161593802,1.0,0.0,0.0,0.0,16,1499904000000
KN,CHR,1,3,3.233333333333333,0.8912047352589701,0.6666666666666666,0.3333333333333333,0.0,0.0,16,1499904000000
BF,SHN,1,1,2.8,4.87238979118329,1.0,0.0,0.0,0.0,16,1499904000000
RP,JEW,1,2,3.0999999999999996,2.898704558106185,1.0,0.0,0.0,0.0,16,1499904000000
AF,JEW,1,2,0.5,-1.38725682203943,1.0,0.0,0.0,0.0,16,1499904000000
NO,JEW,1,3,-5.366666666666667,-1.33509765602591,0.3333333333333333,0.0,0.0,0.6666666666666666,16,1499904000000
LY,NRM,1,1,1.0,-4.99265785609398,1.0,0.0,0.0,0.0,16,1499904000000
MR,MOS,1,6,-1.0666666666666667,-1.8160159433306469,0.6666666666666666,0.0,0.0,0.3333333333333333,16,1499904000000
NP,MOS,1,5,0.48,-6.283452495665244,0.2,0.4,0.4,0.0,16,1499904000000
IZ,JEW,1,15,0.17999999999999997,-1.826856267852255,0.6666666666666666,0.13333333333333333,0.13333333333333333,0.06666666666666667,16,1499904000000
IS,ATH,1,1,-2.0,-5.18292682926829,0.0,0.0,1.0,0.0,16,1499904000000
AJ,HIN,1,2,2.3499999999999996,-9.42760942760942,1.0,0.0,0.0,0.0,16,1499904000000
WI,CHR,1,2,-5.5,-11.9369369369369,0.0,0.0,0.5,0.5,16,1499904000000
KS,BUD,1,2,1.9,-0.73081607795371,1.0,0.0,0.0,0.0,16,1499904000000
SA,JEW,1,4,1.975,-4.1459562949416,1.0,0.0,0.0,0.0,16,1499904000000
BG,BUD,1,4,-4.9,-6.9148842234766255,0.25,0.0,0.25,0.5,16,1499904000000
NI,HIN,1,1,4.0,4.06976744186047,1.0,0.0,0.0,0.0,16,1499904000000
BX,MOS,1,6,2.8333333333333335,6.767997652311898,1.0,0.0,0.0,0.0,16,1499904000000
TD,HIN,1,12,3.466666666666667,2.7262033819696616,1.0,0.0,0.0,0.0,16,1499904000000
HU,MOS,1,6,-5.916666666666667,-2.771122972131108,0.16666666666666666,0.0,0.3333333333333333,0.5,16,1499904000000
EZ,CHR,1,10,3.4899999999999998,1.2077979500468399,0.9,0.0,0.1,0.0,16,1499904000000
PM,CHR,1,1,10.0,0.469483568075115,0.0,1.0,0.0,0.0,16,1499904000000
CA,SIK,1,15,-2.2399999999999998,-1.9814001152955,0.4,0.0,0.4,0.2,16,1499904000000
TW,MOS,1,1,3.0,-3.50584307178631,1.0,0.0,0.0,0.0,16,1499904000000
SW,HIN,1,2,-2.5,4.16256376876902,0.5,0.0,0.0,0.5,16,1499904000000
SO,CHR,1,3,3.4333333333333336,-3.6298248100815065,0.6666666666666666,0.3333333333333333,0.0,0.0,16,1499904000000
SF,HIN,1,8,3.0500000000000003,3.2379355480808836,1.0,0.0,0.0,0.0,16,1499904000000
SP,NRM,1,2,3.4,8.126635921725004,1.0,0.0,0.0,0.0,16,1499904000000
WS,CHR,1,2,3.95,4.34782608695653,0.5,0.5,0.0,0.0,16,1499904000000
CG,MOS,1,2,3.0,-3.270450455765655,1.0,0.0,0.0,0.0,16,1499904000000
FJ,HIN,1,2,3.4,1.51300822493146,1.0,0.0,0.0,0.0,16,1499904000000
NU,CHR,1,2,3.0,-0.16606535880252848,1.0,0.0,0.0,0.0,16,1499904000000
TW,NRM,1,5,0.6799999999999999,-3.2616299965855178,1.0,0.0,0.0,0.0,16,1499904000000
SZ,SIK,1,2,-1.95,-9.989877653888076,0.5,0.0,0.5,0.0,16,1499904000000
TZ,CHR,1,11,-3.6,-2.5106611419095604,0.36363636363636365,0.0,0.0,0.6363636363636364,16,1499904000000
SL,MOS,1,1,0.0,-3.85438972162741,1.0,0.0,0.0,0.0,16,1499904000000
MT,HIN,1,1,1.9,1.78571428571428,1.0,0.0,0.0,0.0,16,1499904000000
MY,BUD,1,1,3.4,1.3840830449827,1.0,0.0,0.0,0.0,16,1499904000000
ZI,NRM,1,2,0.3999999999999999,-1.079343026896745,0.5,0.0,0.5,0.0,16,1499904000000
UP,HIN,1,1,7.0,0.677455969187997,1.0,0.0,0.0,0.0,16,1499904000000
FR,BUD,1,1,1.9,-4.57239627434377,1.0,0.0,0.0,0.0,16,1499904000000
CH,TAO,1,1,0.0,-2.20541902961563,1.0,0.0,0.0,0.0,16,1499904000000
VT,MOS,1,2,6.2,-2.65114852565711,0.0,1.0,0.0,0.0,16,1499904000000
AS,SIK,1,2,0.95,1.26723816623183,1.0,0.0,0.0,0.0,16,1499904000000
IZ,HIN,1,2,-1.75,-1.3653952782594851,0.5,0.0,0.5,0.0,16,1499904000000
MY,HIN,1,3,2.2666666666666666,1.4514500190792,1.0,0.0,0.0,0.0,16,1499904000000
JA,CHR,1,17,3.229411764705882,1.3880043656235275,0.6470588235294118,0.23529411764705882,0.11764705882352941,0.0,16,1499904000000
AR,BUD,1,3,-6.0,1.7666444184882335,0.0,0.0,0.6666666666666666,0.3333333333333333,16,1499904000000
AR,MOS,1,10,4.13,-3.303866716373431,0.3,0.6,0.1,0.0,16,1499904000000
CD,CHR,1,2,3.7,-4.2320819112628,1.0,0.0,0.0,0.0,16,1499904000000
NS,MOS,1,1,7.4,-0.5249343832021,0.0,1.0,0.0,0.0,16,1499904000000
BE,SIK,1,2,2.5,0.0,1.0,0.0,0.0,0.0,16,1499904000000
UZ,MOS,1,6,-1.2333333333333332,-3.6374923136124586,0.5,0.0,0.3333333333333333,0.16666666666666666,16,1499904000000
CM,CHR,1,13,-1.7692307692307692,-3.9470249294819455,0.3076923076923077,0.23076923076923078,0.15384615384615385,0.3076923076923077,16,1499904000000
DA,MOS,1,12,0.05833333333333327,-3.579358819863398,0.6666666666666666,0.0,0.08333333333333333,0.25,16,1499904000000
QA,NRM,1,1,1.9,4.63709677419355,1.0,0.0,0.0,0.0,16,1499904000000
CU,MOS,1,7,-2.942857142857143,-4.468694357865847,0.0,0.14285714285714285,0.5714285714285714,0.2857142857142857,16,1499904000000
UK,ATH,1,3,-2.6666666666666665,-5.3093687760225405,0.3333333333333333,0.0,0.3333333333333333,0.3333333333333333,16,1499904000000
CO,CHR,1,32,-3.275,-4.262160814593034,0.5,0.0,0.125,0.375,16,1499904000000
BU,MOS,1,3,-1.3333333333333333,-5.84375482476455,0.3333333333333333,0.0,0.6666666666666666,0.0,16,1499904000000
EG,JEW,1,12,1.0083333333333335,1.201289548502359,0.8333333333333334,0.08333333333333333,0.0,0.08333333333333333,16,1499904000000
PM,HIN,1,3,2.3000000000000003,-3.4194479050554065,0.6666666666666666,0.3333333333333333,0.0,0.0,16,1499904000000
VE,HIN,1,2,1.9,1.92618497680802,1.0,0.0,0.0,0.0,16,1499904000000
WZ,CHR,1,1,3.0,0.46838407494146,1.0,0.0,0.0,0.0,16,1499904000000
KE,HIN,1,1,3.4,-1.09289617486339,1.0,0.0,0.0,0.0,16,1499904000000
AR,JEW,1,12,-0.4166666666666667,-3.473843937171564,0.5,0.16666666666666666,0.08333333333333333,0.25,16,1499904000000
BR,JEW,1,2,2.5,-5.444946093306685,0.0,0.5,0.5,0.0,16,1499904000000
PE,CHR,1,30,2.0399999999999996,-0.9263157576927815,0.7666666666666667,0.06666666666666667,0.16666666666666666,0.0,16,1499904000000
ET,MOS,1,2,1.0,-0.6193425440686,1.0,0.0,0.0,0.0,16,1499904000000
KS,MOS,1,8,2.5625,-1.7888783164761701,0.75,0.125,0.125,0.0,16,1499904000000
AS,HIN,1,18,-4.9,-4.389757191939625,0.2777777777777778,0.05555555555555555,0.1111111111111111,0.5555555555555556,16,1499904000000
NZ,ADR,1,2,-4.0,0.35123432651720354,0.0,0.0,1.0,0.0,16,1499904000000
VM,BUD,1,2,2.95,0.5823415725765445,1.0,0.0,0.0,0.0,16,1499904000000
BR,CHR,1,12,2.5,-2.130244093775516,0.5,0.3333333333333333,0.16666666666666666,0.0,16,1499904000000
SN,MOS,1,10,2.57,-1.3807753393608673,0.4,0.4,0.2,0.0,16,1499904000000
SP,BUD,1,2,1.9,0.35087719298245,1.0,0.0,0.0,0.0,16,1499904000000
HK,CHR,1,3,1.1333333333333333,-1.1018763074333568,1.0,0.0,0.0,0.0,16,1499904000000
US,CHR,1,3368,1.3017814726841037,-0.7520948747873258,0.705166270783848,0.08610451306413301,0.11431116389548694,0.09441805225653206,16,1499904000000
RS,JEW,1,52,-1.1480769230769228,-2.568995998598393,0.4423076923076923,0.057692307692307696,0.3076923076923077,0.19230769230769232,16,1499904000000
KE,JEW,1,1,2.8,-0.309033403963605,1.0,0.0,0.0,0.0,16,1499904000000
DA,CHR,1,6,3.1999999999999997,3.342338178598776,0.5,0.3333333333333333,0.16666666666666666,0.0,16,1499904000000
CE,HIN,1,8,0.25,-4.2833434085746305,0.625,0.0,0.375,0.0,16,1499904000000
IS,ADR,1,4,-10.0,-6.332967065965997,0.0,0.0,0.0,1.0,16,1499904000000
BM,BUD,1,8,1.875,-0.754894571476575,0.875,0.0,0.0,0.125,16,1499904000000
AS,MOS,1,151,-0.7768211920529803,-3.1217187148081087,0.5099337748344371,0.059602649006622516,0.2847682119205298,0.1456953642384106,16,1499904000000
DR,CHR,1,9,1.9777777777777779,-2.2314837584023834,0.8888888888888888,0.0,0.0,0.1111111111111111,16,1499904000000
SH,SHN,1,1,1.9,3.74603174603175,1.0,0.0,0.0,0.0,16,1499904000000
GM,HIN,1,7,-1.342857142857143,-1.5461560469636286,0.5714285714285714,0.0,0.42857142857142855,0.0,16,1499904000000
FR,NRM,1,5,-0.7000000000000001,2.365880872449648,0.8,0.0,0.0,0.2,16,1499904000000
OS,CHR,1,2,2.5,0.89394555058919,1.0,0.0,0.0,0.0,16,1499904000000
GR,JEW,1,6,-0.08333333333333327,0.4974094158798216,0.6666666666666666,0.0,0.3333333333333333,0.0,16,1499904000000
AJ,MOS,1,9,1.8666666666666663,-0.04358104834843438,0.8888888888888888,0.0,0.1111111111111111,0.0,16,1499904000000
SP,JEW,1,7,0.15714285714285722,-1.4117640741304645,0.7142857142857143,0.0,0.14285714285714285,0.14285714285714285,16,1499904000000
RS,BUD,1,4,-10.0,-3.585275357485308,0.0,0.0,0.0,1.0,16,1499904000000
IR,CHR,1,42,-0.9333333333333333,-5.435677800075795,0.47619047619047616,0.07142857142857142,0.23809523809523808,0.21428571428571427,16,1499904000000
JO,CHR,1,12,1.7166666666666668,-1.3390983978186741,0.75,0.0,0.25,0.0,16,1499904000000
CA,HIN,1,20,2.2399999999999993,0.9134105269940141,0.8,0.1,0.05,0.05,16,1499904000000
NL,JEW,1,10,0.6399999999999999,-1.4779030848352432,0.8,0.0,0.1,0.1,16,1499904000000
AM,MOS,1,1,-5.0,-2.09523809523809,0.0,0.0,0.0,1.0,16,1499904000000
EI,NRM,1,4,1.75,6.471424071587681,1.0,0.0,0.0,0.0,16,1499904000000
MT,CHR,1,41,1.724390243902439,1.29353262207923,0.6097560975609756,0.14634146341463414,0.1951219512195122,0.04878048780487805,16,1499904000000
TZ,HIN,1,1,1.9,7.34966592427617,1.0,0.0,0.0,0.0,16,1499904000000
IS,JEW,1,935,-0.4331550802139032,-2.6576910700762704,0.5454545454545454,0.0855614973262032,0.19037433155080213,0.1786096256684492,16,1499904000000
RB,JEW,1,2,-2.0,-5.84415584415585,0.0,0.0,1.0,0.0,16,1499904000000
GM,JEW,1,43,0.9558139534883718,-2.468873794240319,0.627906976744186,0.23255813953488372,0.09302325581395349,0.046511627906976744,16,1499904000000
UG,MOS,1,9,-1.0222222222222221,-0.2729029125458544,0.3333333333333333,0.0,0.5555555555555556,0.1111111111111111,16,1499904000000
GJ,CHR,1,4,2.95,0.9361842605348276,1.0,0.0,0.0,0.0,16,1499904000000
RS,ADR,1,1,-4.0,0.16764459346186,0.0,0.0,1.0,0.0,16,1499904000000
CH,HIN,1,34,-2.8794117647058823,-3.37187084043932,0.5294117647058824,0.0,0.11764705882352941,0.35294117647058826,16,1499904000000
RI,BUD,1,1,-10.0,-3.89357560025957,0.0,0.0,0.0,1.0,16,1499904000000
KN,MOS,1,11,-2.5272727272727273,-2.6961395119461145,0.5454545454545454,0.0,0.09090909090909091,0.36363636363636365,16,1499904000000
SY,CHR,1,38,-0.992105263157895,-2.9678762491107378,0.6052631578947368,0.05263157894736842,0.15789473684210525,0.18421052631578946,16,1499904000000
SW,CHR,1,16,-0.85,-1.0393721684673818,0.5625,0.0625,0.125,0.25,16,1499904000000
US,SIK,1,14,-0.3714285714285714,0.164054590557945,0.7142857142857143,0.0,0.14285714285714285,0.14285714285714285,16,1499904000000
ID,CHR,1,24,-2.616666666666667,-4.105533011682473,0.2916666666666667,0.041666666666666664,0.5416666666666666,0.125,16,1499904000000
UK,SIK,1,20,1.6799999999999997,-0.3103747052725921,0.8,0.0,0.1,0.1,16,1499904000000
IS,MOS,1,981,-1.6077471967380197,-5.038649423843027,0.45769622833843016,0.06931702344546381,0.22935779816513763,0.2436289500509684,16,1499904000000
PL,BUD,1,2,2.8,-3.736681423529345,1.0,0.0,0.0,0.0,16,1499904000000
TO,CHR,1,2,3.4,-0.48004448301351,1.0,0.0,0.0,0.0,16,1499904000000
ZA,CHR,1,31,1.829032258064516,0.16709482967605957,0.8387096774193549,0.03225806451612903,0.12903225806451613,0.0,16,1499904000000
EI,CHR,1,93,1.7064516129032263,-1.294996328686758,0.7956989247311828,0.08602150537634409,0.06451612903225806,0.053763440860215055,16,1499904000000
FI,JEW,1,2,1.0,1.02127659574468,1.0,0.0,0.0,0.0,16,1499904000000
LE,CHR,1,16,0.44999999999999996,-3.7244243639273766,0.8125,0.0,0.0,0.1875,16,1499904000000
CB,CHR,1,3,-0.4666666666666668,-4.45103857566766,0.0,0.3333333333333333,0.3333333333333333,0.3333333333333333,16,1499904000000
FJ,NRM,1,1,3.4,10.6583072100314,1.0,0.0,0.0,0.0,16,1499904000000
IN,BUD,1,33,0.11212121212121205,-0.5892184568242974,0.696969696969697,0.030303030303030304,0.21212121212121213,0.06060606060606061,16,1499904000000
CB,BUD,1,2,3.4,-1.28369704749679,1.0,0.0,0.0,0.0,16,1499904000000
SA,CHR,1,22,0.3636363636363637,-3.1972496290826133,0.7272727272727273,0.09090909090909091,0.0,0.18181818181818182,16,1499904000000
AL,MOS,1,1,-10.0,0.41254125412541,0.0,0.0,0.0,1.0,16,1499904000000
PK,CHR,1,39,-1.1641025641025642,-5.238101457822189,0.4358974358974359,0.05128205128205128,0.2564102564102564,0.2564102564102564,16,1499904000000
TW,HIN,1,1,-4.0,-3.55987055016181,0.0,0.0,1.0,0.0,16,1499904000000
BY,CHR,1,3,1.5666666666666664,2.43008686235482,1.0,0.0,0.0,0.0,16,1499904000000
SZ,BUD,1,2,6.0,0.21818181818182,0.0,1.0,0.0,0.0,16,1499904000000
UK,NRM,1,10,1.29,0.9658667193080408,0.6,0.2,0.2,0.0,16,1499904000000
BD,HIN,1,1,1.9,3.88888888888889,1.0,0.0,0.0,0.0,16,1499904000000
FJ,CHR,1,5,1.0,0.5358590486904501,0.8,0.0,0.0,0.2,16,1499904000000
FR,ATH,1,1,7.0,-4.74226804123712,0.0,1.0,0.0,0.0,16,1499904000000
IT,SIK,1,8,0.7375,-0.9481993232691711,0.625,0.25,0.125,0.0,16,1499904000000
GB,CHR,1,2,7.4,-2.59562841530054,0.0,1.0,0.0,0.0,16,1499904000000
HA,CHR,1,3,2.4,0.98989169453179,1.0,0.0,0.0,0.0,16,1499904000000
RP,HIN,1,1,-2.0,0.0,0.0,0.0,1.0,0.0,16,1499904000000
HO,CHR,1,1,2.8,4.45269016697588,1.0,0.0,0.0,0.0,16,1499904000000
PE,BUD,1,1,0.0,1.68514412416852,1.0,0.0,0.0,0.0,16,1499904000000
BF,JEW,1,5,-0.11999999999999993,-7.033146902225901,0.6,0.0,0.0,0.4,16,1499904000000
EG,SIK,1,1,-10.0,-0.27210884353742,0.0,0.0,0.0,1.0,16,1499904000000
IN,MOS,1,519,-1.9119460500963439,-3.414277645448429,0.44315992292870904,0.05973025048169557,0.21965317919075145,0.2774566473988439,16,1499904000000
HR,MOS,1,1,0.4,-4.80427046263345,1.0,0.0,0.0,0.0,16,1499904000000
NP,BUD,1,7,2.985714285714286,1.1839338669306156,1.0,0.0,0.0,0.0,16,1499904000000
MX,MOS,1,9,-4.822222222222222,-2.8254468690926533,0.2222222222222222,0.0,0.3333333333333333,0.4444444444444444,16,1499904000000
JE,JEW,1,1,-2.0,-0.99601593625498,0.0,0.0,1.0,0.0,16,1499904000000
YM,MOS,1,25,-1.7719999999999998,-4.528344563567223,0.32,0.16,0.16,0.36,16,1499904000000
RS,JAN,1,2,0.5,-0.93959731543625,1.0,0.0,0.0,0.0,16,1499904000000
SZ,MOS,1,9,-1.3666666666666667,-1.9730432444985477,0.3333333333333333,0.1111111111111111,0.0,0.5555555555555556,16,1499904000000
MG,BUD,1,1,-10.0,-2.46575342465753,0.0,0.0,0.0,1.0,16,1499904000000
TU,MOS,1,216,-1.7351851851851863,-3.693814597985141,0.5185185185185185,0.07407407407407407,0.06944444444444445,0.33796296296296297,16,1499904000000
CI,BUD,1,1,-5.0,-16.206017135855,0.0,0.0,0.0,1.0,16,1499904000000
YM,CHR,1,7,2.857142857142857,-4.567614074231022,0.7142857142857143,0.0,0.2857142857142857,0.0,16,1499904000000
MV,MOS,1,2,1.9,0.74626865671642,1.0,0.0,0.0,0.0,16,1499904000000
UG,CHR,1,18,2.2499999999999996,-2.255987720541542,0.8333333333333334,0.05555555555555555,0.05555555555555555,0.05555555555555555,16,1499904000000
FR,MOS,1,150,-1.421333333333332,-3.5867712146636292,0.4533333333333333,0.08,0.24,0.22666666666666666,16,1499904000000
RI,CHR,1,1,8.0,0.66385033192517,1.0,0.0,0.0,0.0,16,1499904000000
IT,MOS,1,21,-0.7809523809523808,-4.588986083620687,0.47619047619047616,0.09523809523809523,0.09523809523809523,0.3333333333333333,16,1499904000000
CF,CHR,1,12,1.8500000000000003,-6.1016309462765825,0.4166666666666667,0.3333333333333333,0.08333333333333333,0.16666666666666666,16,1499904000000
NP,JEW,1,2,-7.5,-2.3149344125835998,0.0,0.0,0.0,1.0,16,1499904000000
BA,MOS,1,20,0.11500000000000013,-2.8621667507781106,0.3,0.2,0.35,0.15,16,1499904000000
FI,MOS,1,2,2.8,-5.625,1.0,0.0,0.0,0.0,16,1499904000000
VC,CHR,1,1,0.0,2.38805970149254,1.0,0.0,0.0,0.0,16,1499904000000
SA,MOS,1,343,-0.29271137026238997,-3.346950549456258,0.5539358600583091,0.08746355685131195,0.17201166180758018,0.18658892128279883,16,1499904000000
IN,SIK,1,100,-0.226,-4.779611544652549,0.49,0.14,0.22,0.15,16,1499904000000
MD,JEW,1,1,-0.4,-2.24586288416075,1.0,0.0,0.0,0.0,16,1499904000000
FR,SIK,1,1,4.0,-0.56338028169014,1.0,0.0,0.0,0.0,16,1499904000000
KU,MOS,1,18,-1.3833333333333337,-5.088589110189112,0.2777777777777778,0.2222222222222222,0.1111111111111111,0.3888888888888889,16,1499904000000
NL,NRM,1,2,4.0,0.38610038610038,1.0,0.0,0.0,0.0,16,1499904000000
US,JAN,1,5,2.3600000000000003,1.2704675669540022,0.8,0.2,0.0,0.0,16,1499904000000
AF,MOS,1,223,-2.5430493273542627,-5.138787287170893,0.40358744394618834,0.06726457399103139,0.11659192825112108,0.4125560538116592,16,1499904000000
AG,CHR,1,2,0.0,-1.03626943005181,0.0,0.5,0.0,0.5,16,1499904000000
KE,MOS,1,14,-5.928571428571429,-8.261569553422504,0.14285714285714285,0.0,0.2857142857142857,0.5714285714285714,16,1499904000000
NG,MOS,1,3,-1.0666666666666667,-2.42277297960039,0.3333333333333333,0.0,0.6666666666666666,0.0,16,1499904000000
ZI,BUD,1,1,-2.0,-5.75082811924917,0.0,1.0,0.0,0.0,16,1499904000000
GM,CHR,1,118,0.6127118644067796,-2.3906152732095496,0.652542372881356,0.07627118644067797,0.2033898305084746,0.06779661016949153,16,1499904000000
KS,CHR,1,19,1.1210526315789473,-0.6414967036233299,0.8421052631578947,0.05263157894736842,0.10526315789473684,0.0,16,1499904000000
JA,JEW,1,2,5.0,-0.491595486061845,1.0,0.0,0.0,0.0,16,1499904000000
BG,HIN,1,14,-0.22142857142857153,-3.6823239597053528,0.7142857142857143,0.0,0.14285714285714285,0.14285714285714285,16,1499904000000
EG,HIN,1,2,1.0,2.21169036334914,1.0,0.0,0.0,0.0,16,1499904000000
MY,CHR,1,1,-2.0,-8.97887323943662,0.0,0.0,1.0,0.0,16,1499904000000
TH,BUD,1,28,-0.8857142857142858,-3.511080261995627,0.5,0.03571428571428571,0.25,0.21428571428571427,16,1499904000000
LE,JEW,1,3,2.4999999999999996,-1.3105038421494066,1.0,0.0,0.0,0.0,16,1499904000000
UK,MOS,1,330,-1.1581818181818178,-3.631654614848867,0.5242424242424243,0.06060606060606061,0.20909090909090908,0.20606060606060606,16,1499904000000
BR,HIN,1,10,-1.0699999999999998,-0.1680289055456028,0.5,0.0,0.5,0.0,16,1499904000000
JO,SIK,1,1,3.4,-3.7394451145959,1.0,0.0,0.0,0.0,16,1499904000000
UG,JEW,1,3,0.9333333333333332,-1.3668580849573535,1.0,0.0,0.0,0.0,16,1499904000000
UK,HIN,1,26,-0.4115384615384618,-1.570780238280618,0.5384615384615384,0.07692307692307693,0.23076923076923078,0.15384615384615385,16,1499904000000
EG,CHR,1,74,-2.2432432432432416,-3.688002298971227,0.5,0.05405405405405406,0.13513513513513514,0.3108108108108108,16,1499904000000
SZ,NRM,1,2,7.0,1.57303370786517,1.0,0.0,0.0,0.0,16,1499904000000
TH,HIN,1,6,1.1500000000000001,0.10029523710626627,0.8333333333333334,0.0,0.16666666666666666,0.0,16,1499904000000
UP,CHR,1,16,3.006249999999999,-1.2266768811223647,1.0,0.0,0.0,0.0,16,1499904000000
RM,ATH,1,1,1.0,1.67064439140811,1.0,0.0,0.0,0.0,16,1499904000000
CG,CHR,1,2,2.5,-0.43312406595920494,1.0,0.0,0.0,0.0,16,1499904000000
KE,CHR,1,38,2.113157894736842,-1.9191597558768112,0.7368421052631579,0.15789473684210525,0.10526315789473684,0.0,16,1499904000000
ID,HIN,1,2,1.0,1.90839694656488,1.0,0.0,0.0,0.0,16,1499904000000
OD,MOS,1,1,3.0,-0.66964285714286,1.0,0.0,0.0,0.0,16,1499904000000
NI,MOS,1,182,-1.1390109890109885,-3.0096888214345503,0.5769230769230769,0.016483516483516484,0.21978021978021978,0.18681318681318682,16,1499904000000
SO,HIN,1,2,-3.0,-5.74061730898004,0.5,0.0,0.0,0.5,16,1499904000000
PL,CHR,1,24,1.575,-0.6326637193261344,0.7083333333333334,0.125,0.125,0.041666666666666664,16,1499904000000
EG,NRM,1,3,3.0,1.6746040092343568,1.0,0.0,0.0,0.0,16,1499904000000
SA,HIN,1,2,1.9,-7.54400670578374,1.0,0.0,0.0,0.0,16,1499904000000
NZ,CHR,1,14,3.9928571428571433,0.7678682316285342,0.7142857142857143,0.21428571428571427,0.07142857142857142,0.0,16,1499904000000
JA,JAN,1,2,1.0,2.20183486238532,0.0,0.5,0.5,0.0,16,1499904000000
IT,JEW,1,19,0.4315789473684211,-0.6195316162951962,0.7894736842105263,0.0,0.15789473684210525,0.05263157894736842,16,1499904000000
EG,MOS,1,280,-2.458214285714288,-4.703459738242997,0.45714285714285713,0.03214285714285714,0.2,0.3107142857142857,16,1499904000000
NI,SIK,1,1,3.4,-2.734375,1.0,0.0,0.0,0.0,16,1499904000000
AU,BUD,1,2,2.8,-1.33079847908745,1.0,0.0,0.0,0.0,16,1499904000000
BU,CHR,1,3,-2.0,-2.5653836417655964,0.3333333333333333,0.0,0.3333333333333333,0.3333333333333333,16,1499904000000
SO,MOS,1,50,-4.696000000000001,-4.630875960423478,0.2,0.08,0.28,0.44,16,1499904000000
NL,HIN,1,1,4.0,3.32409972299169,1.0,0.0,0.0,0.0,16,1499904000000
CY,CHR,1,3,-4.666666666666667,-0.9191176470588202,0.0,0.0,0.6666666666666666,0.3333333333333333,16,1499904000000
TS,MOS,1,10,-5.0,-3.148137325457225,0.5,0.0,0.0,0.5,16,1499904000000
CT,MOS,1,12,-3.366666666666667,-4.319680442584265,0.5,0.0,0.0,0.5,16,1499904000000
BM,HIN,1,1,7.0,0.0,1.0,0.0,0.0,0.0,16,1499904000000
WE,MOS,1,31,-1.4516129032258065,-5.728625804457157,0.4838709677419355,0.06451612903225806,0.3870967741935484,0.06451612903225806,16,1499904000000
RO,CHR,1,8,3.75,-1.7845914471784687,0.625,0.375,0.0,0.0,16,1499904000000
AE,HIN,1,1,0.0,-4.73684210526316,1.0,0.0,0.0,0.0,16,1499904000000
NH,CHR,1,1,2.8,-1.04529616724739,1.0,0.0,0.0,0.0,16,1499904000000
PE,MOS,1,6,-5.666666666666667,-4.33608120136649,0.16666666666666666,0.0,0.16666666666666666,0.6666666666666666,16,1499904000000
KN,NRM,1,1,1.0,1.98807157057654,1.0,0.0,0.0,0.0,16,1499904000000
HK,MOS,1,2,-3.5,-2.3108803210663753,0.0,0.5,0.0,0.5,16,1499904000000
SY,MOS,1,650,-2.7190769230769227,-4.436918934505767,0.32153846153846155,0.10461538461538461,0.1753846153846154,0.3984615384615385,16,1499904000000
TH,MOS,1,18,-1.5833333333333333,-8.458372858014249,0.6111111111111112,0.0,0.05555555555555555,0.3333333333333333,16,1499904000000
PK,HIN,1,57,-1.0614035087719293,-3.727769552073474,0.5263157894736842,0.03508771929824561,0.3157894736842105,0.12280701754385964,16,1499904000000
SF,JEW,1,1,2.8,1.1326860841424,1.0,0.0,0.0,0.0,16,1499904000000
GM,JAN,1,1,7.0,-1.11524163568773,0.0,1.0,0.0,0.0,16,1499904000000
US,MOS,1,1179,-1.5421543681085632,-3.645909629119182,0.45971162001696353,0.056827820186598814,0.18829516539440203,0.2951653944020356,16,1499904000000
HU,CHR,1,12,1.9749999999999999,-0.4566362496712661,1.0,0.0,0.0,0.0,16,1499904000000
SA,ATH,1,1,-5.0,-10.789766407119,0.0,0.0,0.0,1.0,16,1499904000000
CA,MOS,1,204,-1.166666666666666,-3.526589119982907,0.5343137254901961,0.0784313725490196,0.24509803921568626,0.14215686274509803,16,1499904000000
IS,NRM,1,4,1.0,2.716648441771465,0.75,0.0,0.25,0.0,16,1499904000000
BE,MOS,1,22,-2.790909090909091,-3.9963100542213748,0.36363636363636365,0.0,0.2727272727272727,0.36363636363636365,16,1499904000000
BG,CHR,1,9,1.088888888888889,-1.1637612917971414,0.5555555555555556,0.2222222222222222,0.2222222222222222,0.0,16,1499904000000
FR,CHR,1,137,1.0905109489051108,-0.6426527296557593,0.7664233576642335,0.043795620437956206,0.10218978102189781,0.08759124087591241,16,1499904000000
BE,JEW,1,3,2.0,-2.0270991438667334,0.6666666666666666,0.0,0.3333333333333333,0.0,16,1499904000000
VM,MOS,1,25,-2.5240000000000005,-5.620549743938106,0.44,0.08,0.0,0.48,16,1499904000000
EZ,JEW,1,5,-2.2399999999999998,-2.109207790937774,0.4,0.0,0.0,0.6,16,1499904000000
CM,MOS,1,11,-7.2727272727272725,-5.247885604240701,0.0,0.0,0.2727272727272727,0.7272727272727273,16,1499904000000
PL,JEW,1,43,-0.0651162790697681,-2.595565492952862,0.7209302325581395,0.0,0.09302325581395349,0.18604651162790697,16,1499904000000
BE,HIN,1,1,-10.0,-1.562294064058,0.0,0.0,0.0,1.0,16,1499904000000
AE,CHR,1,3,-4.133333333333334,-4.639348327896376,0.3333333333333333,0.0,0.3333333333333333,0.3333333333333333,16,1499904000000
EI,ATH,1,2,0.0,0.0986193293885593,1.0,0.0,0.0,0.0,16,1499904000000
US,JEW,1,580,0.7372413793103438,-1.5772454653208305,0.6706896551724137,0.07586206896551724,0.17758620689655172,0.07586206896551724,16,1499904000000
RS,MOS,1,117,-1.3803418803418797,-3.9104255736710294,0.49572649572649574,0.05128205128205128,0.1111111111111111,0.3418803418803419,16,1499904000000
BN,CHR,1,8,1.0375,-3.011619258695539,0.75,0.0,0.25,0.0,16,1499904000000
TT,CHR,1,1,3.4,-1.5,1.0,0.0,0.0,0.0,16,1499904000000
SW,MOS,1,22,-2.3363636363636364,-3.791570990850185,0.36363636363636365,0.22727272727272727,0.045454545454545456,0.36363636363636365,16,1499904000000
LA,CHR,1,10,-4.4,-6.992082838748864,0.0,0.0,0.2,0.8,16,1499904000000
IN,NRM,1,13,0.8307692307692308,0.35546210957108537,0.9230769230769231,0.0,0.0,0.07692307692307693,16,1499904000000
CA,JEW,1,48,-0.4229166666666669,-2.3849590762993667,0.5208333333333334,0.0625,0.22916666666666666,0.1875,16,1499904000000
CH,MOS,1,64,-0.38749999999999996,-3.2434557036118647,0.515625,0.09375,0.234375,0.15625,16,1499904000000
EC,CHR,1,5,1.1199999999999999,0.22834555545350588,0.8,0.0,0.2,0.0,16,1499904000000
JM,CHR,1,14,-0.2928571428571428,-5.89164302276793,0.7142857142857143,0.0,0.0,0.2857142857142857,16,1499904000000
BO,CHR,1,1,2.8,0.0,1.0,0.0,0.0,0.0,16,1499904000000
KV,MOS,1,6,-0.2666666666666666,-3.410971757781665,0.6666666666666666,0.0,0.3333333333333333,0.0,16,1499904000000
RP,CHR,1,81,0.5962962962962962,-1.9819219538918755,0.5185185185185185,0.12345679012345678,0.30864197530864196,0.04938271604938271,16,1499904000000
IR,JEW,1,14,-0.65,-4.2662151884942485,0.42857142857142855,0.0,0.5714285714285714,0.0,16,1499904000000
YM,JEW,1,1,0.0,-0.00575646756061501,1.0,0.0,0.0,0.0,16,1499904000000
JA,BUD,1,16,1.4312499999999997,2.724954512241736,0.875,0.0,0.0,0.125,16,1499904000000
CA,CHR,1,122,1.0934426229508212,-1.7720440960413433,0.6721311475409836,0.09016393442622951,0.10655737704918032,0.13114754098360656,16,1499904000000
GH,JEW,1,11,2.0727272727272728,1.5570849737180807,1.0,0.0,0.0,0.0,16,1499904000000
FI,BUD,1,2,2.3499999999999996,-3.42612419700214,1.0,0.0,0.0,0.0,16,1499904000000
MK,JEW,1,1,3.0,0.5759539236861,1.0,0.0,0.0,0.0,16,1499904000000
YM,HIN,1,1,7.0,-2.61096605744125,1.0,0.0,0.0,0.0,16,1499904000000
NL,CHR,1,17,3.1647058823529406,-0.08072851191285059,0.8235294117647058,0.058823529411764705,0.058823529411764705,0.058823529411764705,16,1499904000000
TW,CHR,1,2,5.4,3.24861518409906,0.5,0.5,0.0,0.0,16,1499904000000
SW,ATH,1,1,3.4,4.44191343963553,1.0,0.0,0.0,0.0,16,1499904000000
HK,NRM,1,2,6.4,4.37956204379562,0.0,1.0,0.0,0.0,16,1499904000000
RO,MOS,1,2,-5.0,-3.9941852572514547,0.0,0.0,0.0,1.0,16,1499904000000
MO,CHR,1,9,-0.4444444444444444,-5.740687412101449,0.1111111111111111,0.3333333333333333,0.4444444444444444,0.1111111111111111,16,1499904000000
IR,MOS,1,438,-0.5461187214611868,-3.2719705979849145,0.4977168949771689,0.11643835616438356,0.1461187214611872,0.23972602739726026,16,1499904000000
TX,MOS,1,12,-0.19166666666666676,-3.567317718252628,0.5,0.16666666666666666,0.08333333333333333,0.25,16,1499904000000
CH,NRM,1,43,-0.8348837209302326,-2.5770010188808716,0.3953488372093023,0.13953488372093023,0.11627906976744186,0.3488372093023256,16,1499904000000
VM,NRM,1,4,4.0,-1.7608923785586348,1.0,0.0,0.0,0.0,16,1499904000000
TT,MOS,1,5,1.9,0.8473937319084062,1.0,0.0,0.0,0.0,16,1499904000000
VM,CHR,1,17,1.5823529411764705,0.26801984184851585,0.8235294117647058,0.0,0.0,0.17647058823529413,16,1499904000000
KE,NRM,1,5,3.6399999999999997,7.0855790300426404,0.6,0.4,0.0,0.0,16,1499904000000
NO,MOS,1,7,-5.442857142857143,-3.746159622320847,0.14285714285714285,0.0,0.14285714285714285,0.7142857142857143,16,1499904000000
IN,TAO,1,2,1.9,1.566829665851675,1.0,0.0,0.0,0.0,16,1499904000000
BB,MOS,1,1,1.9,3.37078651685393,1.0,0.0,0.0,0.0,16,1499904000000
IZ,ATH,1,2,5.2,-4.537002251725415,0.5,0.5,0.0,0.0,16,1499904000000
NL,MOS,1,13,-1.7307692307692308,-3.86917643306875,0.5384615384615384,0.0,0.07692307692307693,0.38461538461538464,16,1499904000000
GG,JEW,1,6,2.616666666666667,0.28150633855331336,0.5,0.5,0.0,0.0,16,1499904000000
TS,CHR,1,1,1.9,1.09375,1.0,0.0,0.0,0.0,16,1499904000000
BD,CHR,1,5,1.14,3.67401469605879,1.0,0.0,0.0,0.0,16,1499904000000
JA,HIN,1,1,-5.0,-3.67285927824044,0.0,0.0,1.0,0.0,16,1499904000000
US,ADR,1,5,-0.24000000000000005,1.8975809848193559,0.6,0.4,0.0,0.0,16,1499904000000
NO,BUD,1,1,-0.4,-0.64231232436772,1.0,0.0,0.0,0.0,16,1499904000000
BE,CHR,1,6,2.0500000000000003,-1.1484781995259332,0.6666666666666666,0.16666666666666666,0.16666666666666666,0.0,16,1499904000000
MT,JEW,1,1,2.8,4.199066874028,1.0,0.0,0.0,0.0,16,1499904000000
US,SHN,1,8,3.35,0.045243613393331175,0.875,0.0,0.0,0.125,16,1499904000000
PO,BAH,1,1,0.0,2.3870636550308,1.0,0.0,0.0,0.0,16,1499904000000
BH,CHR,1,11,2.509090909090909,2.901856188113339,1.0,0.0,0.0,0.0,16,1499904000000
OD,JEW,1,1,0.0,-4.84234234234235,1.0,0.0,0.0,0.0,16,1499904000000
TU,JEW,1,23,0.41739130434782584,-2.1059504492105576,0.5217391304347826,0.0,0.4782608695652174,0.0,16,1499904000000
AL,CHR,1,1,-10.0,-1.44300144300145,0.0,0.0,0.0,1.0,16,1499904000000
AF,CHR,1,5,0.8800000000000001,-1.4751614593485438,1.0,0.0,0.0,0.0,16,1499904000000
OS,MOS,1,1,-10.0,-4.92125984251968,0.0,0.0,0.0,1.0,16,1499904000000
MN,MOS,1,2,0.0,-2.64885628530505,1.0,0.0,0.0,0.0,16,1499904000000
KG,JEW,1,1,-10.0,-4.74683544303797,0.0,0.0,0.0,1.0,16,1499904000000
GR,NRM,1,4,3.6,2.5895275960410276,1.0,0.0,0.0,0.0,16,1499904000000
PK,JEW,1,3,2.7999999999999994,-1.09529025191676,1.0,0.0,0.0,0.0,16,1499904000000
TD,CHR,1,21,3.0571428571428565,1.8533205271659614,0.9047619047619048,0.0,0.09523809523809523,0.0,16,1499904000000
BL,CHR,1,2,4.0,-0.24381095273818487,0.5,0.5,0.0,0.0,16,1499904000000
JM,MOS,1,2,1.0,7.61194029850746,1.0,0.0,0.0,0.0,16,1499904000000
JE,MOS,1,1,-8.0,-6.09375,0.0,0.0,0.0,1.0,16,1499904000000
MX,JEW,1,1,1.9,-4.94186046511628,1.0,0.0,0.0,0.0,16,1499904000000
LH,JEW,1,6,0.9333333333333332,-1.4705882352941197,1.0,0.0,0.0,0.0,16,1499904000000
HA,MOS,1,2,-4.0,-3.97260273972603,0.0,0.0,0.0,1.0,16,1499904000000
UV,CHR,1,4,1.4,-4.219241705683727,1.0,0.0,0.0,0.0,16,1499904000000
VE,CHR,1,23,1.5521739130434784,-3.775248551408505,0.782608695652174,0.043478260869565216,0.17391304347826086,0.0,16,1499904000000
BN,MOS,1,1,0.0,2.64900662251656,1.0,0.0,0.0,0.0,16,1499904000000
UP,JEW,1,1,-2.0,1.41065830721003,0.0,0.0,1.0,0.0,16,1499904000000
ML,MOS,1,14,-7.321428571428571,-3.6270705272850137,0.07142857142857142,0.0,0.2857142857142857,0.6428571428571429,16,1499904000000
MU,MOS,1,12,3.1333333333333333,-0.842532404644979,0.9166666666666666,0.08333333333333333,0.0,0.0,16,1499904000000
WE,CHR,1,13,-0.22307692307692303,-2.671902846385465,0.6923076923076923,0.0,0.15384615384615385,0.15384615384615385,16,1499904000000
KN,JEW,1,4,-2.0999999999999996,-3.3500590318772154,0.5,0.0,0.0,0.5,16,1499904000000
CU,CHR,1,20,2.124999999999999,0.8087521799918029,0.75,0.15,0.1,0.0,16,1499904000000
ET,JEW,1,3,1.0,5.66037735849057,1.0,0.0,0.0,0.0,16,1499904000000
SF,MOS,1,28,0.4785714285714286,-1.6002155188027758,0.6428571428571429,0.03571428571428571,0.2857142857142857,0.03571428571428571,16,1499904000000
TD,MOS,1,7,-0.39999999999999997,-5.693199048047206,0.42857142857142855,0.0,0.5714285714285714,0.0,16,1499904000000
KZ,CHR,1,4,2.15,1.0622824002434101,0.5,0.25,0.25,0.0,16,1499904000000
AR,CHR,1,39,2.1179487179487184,-1.7565928106062536,0.8717948717948718,0.02564102564102564,0.10256410256410256,0.0,16,1499904000000
MX,CHR,1,39,0.007692307692307517,-1.1856629492742665,0.6666666666666666,0.02564102564102564,0.1282051282051282,0.1794871794871795,16,1499904000000
CE,MOS,1,12,-4.541666666666667,-2.7825421032298396,0.3333333333333333,0.0,0.25,0.4166666666666667,16,1499904000000
JA,MOS,1,6,-1.7666666666666666,-1.8722233450540564,0.0,0.3333333333333333,0.16666666666666666,0.5,16,1499904000000
UK,BUD,1,2,4.9,-2.22302884918881,1.0,0.0,0.0,0.0,16,1499904000000
FR,HIN,1,7,2.3714285714285714,2.748189878764704,0.8571428571428571,0.14285714285714285,0.0,0.0,16,1499904000000
NO,CHR,1,3,-4.8,-2.01442985970633,0.3333333333333333,0.0,0.3333333333333333,0.3333333333333333,16,1499904000000
CE,BUD,1,28,-2.2107142857142854,-1.7536851526542054,0.5,0.03571428571428571,0.21428571428571427,0.25,16,1499904000000
GR,MOS,1,13,1.2538461538461536,-0.0033087501117444653,0.6923076923076923,0.15384615384615385,0.07692307692307693,0.07692307692307693,16,1499904000000
AS,CHR,1,235,0.2212765957446818,-0.5343243284569871,0.6042553191489362,0.0851063829787234,0.2127659574468085,0.09787234042553192,16,1499904000000
DJ,JEW,1,4,1.5,0.171038517796195,1.0,0.0,0.0,0.0,16,1499904000000
VE,SIK,1,1,-10.0,-5.98870056497175,0.0,0.0,0.0,1.0,16,1499904000000
GH,MOS,1,11,-0.5909090909090909,-2.206239440470078,0.6363636363636364,0.0,0.2727272727272727,0.09090909090909091,16,1499904000000
SN,HIN,1,3,0.13333333333333333,-3.73134328358209,1.0,0.0,0.0,0.0,16,1499904000000
CH,JEW,1,16,3.143749999999999,-1.787043812178673,0.875,0.125,0.0,0.0,16,1499904000000
SY,BUD,1,2,-5.2,-4.263064875876805,0.5,0.0,0.0,0.5,16,1499904000000
KZ,MOS,1,1,5.2,0.380952380952378,1.0,0.0,0.0,0.0,16,1499904000000
TI,MOS,1,4,1.6500000000000004,-8.339778708516304,0.5,0.25,0.0,0.25,16,1499904000000
IV,MOS,1,3,7.333333333333333,0.2672716102728702,1.0,0.0,0.0,0.0,16,1499904000000
SP,HIN,1,1,7.0,2.14723926380368,0.0,1.0,0.0,0.0,16,1499904000000
SO,JAN,1,1,3.4,3.48644161593802,1.0,0.0,0.0,0.0,16,1499904000000
GM,MOS,1,115,-0.5286956521739132,-4.043039923461701,0.43478260869565216,0.10434782608695652,0.22608695652173913,0.23478260869565218,16,1499904000000
ID,NRM,1,3,7.0,3.24074074074074,1.0,0.0,0.0,0.0,16,1499904000000
GM,BUD,1,3,2.966666666666667,-2.7737158660682133,0.6666666666666666,0.3333333333333333,0.0,0.0,16,1499904000000
SL,CHR,1,3,3.4,-2.26960110041265,1.0,0.0,0.0,0.0,16,1499904000000
GT,MOS,1,3,-5.0,-3.2319582272654035,0.0,0.0,0.0,1.0,16,1499904000000
VT,HIN,1,2,1.9,-2.75800711743773,1.0,0.0,0.0,0.0,16,1499904000000
CA,ATH,1,2,4.2,-5.510088833229945,0.5,0.5,0.0,0.0,16,1499904000000
JA,ATH,1,2,2.0,3.34386701953745,1.0,0.0,0.0,0.0,16,1499904000000
LY,JEW,1,6,-2.483333333333333,-4.133152065045253,0.3333333333333333,0.16666666666666666,0.3333333333333333,0.16666666666666666,16,1499904000000
IS,CHR,1,236,-0.2894067796610164,-2.6662684265541734,0.6271186440677966,0.029661016949152543,0.17372881355932204,0.1694915254237288,16,1499904000000
LI,MOS,1,1,-2.0,2.21396054628224,0.0,0.0,1.0,0.0,16,1499904000000
MK,MOS,1,3,1.0,-3.3557596057596064,1.0,0.0,0.0,0.0,16,1499904000000
EI,SIK,1,1,0.4,-0.15748031496063,1.0,0.0,0.0,0.0,16,1499904000000
CH,CHR,1,70,0.33857142857142847,-0.44520656721664026,0.6,0.07142857142857142,0.21428571428571427,0.11428571428571428,16,1499904000000
HR,CHR,1,1,6.0,-9.05982905982902,0.0,1.0,0.0,0.0,16,1499904000000
AJ,NRM,1,2,5.2,1.42276422764228,1.0,0.0,0.0,0.0,16,1499904000000
IR,HIN,1,2,-5.0,-3.59435173299101,0.0,0.0,1.0,0.0,16,1499904000000
IN,JAN,1,91,0.7582417582417581,-0.8765073598526184,0.7362637362637363,0.04395604395604396,0.15384615384615385,0.06593406593406594,16,1499904000000
BG,JAN,1,2,0.0,1.26984126984127,1.0,0.0,0.0,0.0,16,1499904000000
SU,MOS,1,28,-0.7000000000000001,-4.368869458491829,0.5714285714285714,0.0,0.0,0.42857142857142855,16,1499904000000
BM,CHR,1,2,0.5,-6.83388518397612,0.5,0.0,0.5,0.0,16,1499904000000
LI,CHR,1,10,0.020000000000000108,-2.731045713306883,0.5,0.2,0.0,0.3,16,1499904000000
IC,CHR,1,1,0.0,-1.07421875,1.0,0.0,0.0,0.0,16,1499904000000
CO,MOS,1,1,3.4,-1.68471720818291,1.0,0.0,0.0,0.0,16,1499904000000
SF,CHR,1,51,0.9058823529411761,0.33784529492220033,0.7843137254901961,0.09803921568627451,0.11764705882352941,0.0,16,1499904000000
GT,CHR,1,5,3.6399999999999997,4.620720900170317,1.0,0.0,0.0,0.0,16,1499904000000
GA,MOS,1,1,3.0,0.0,1.0,0.0,0.0,0.0,16,1499904000000
RS,CHR,1,71,2.0859154929577466,-1.2425246313465246,0.704225352112676,0.14084507042253522,0.1267605633802817,0.028169014084507043,16,1499904000000
RB,HIN,1,1,1.9,-6.04099244875944,1.0,0.0,0.0,0.0,16,1499904000000
NI,JEW,1,6,0.8333333333333334,1.4886478340253684,1.0,0.0,0.0,0.0,16,1499904000000
US,HIN,1,173,1.0930635838150298,0.6129540825617141,0.7514450867052023,0.057803468208092484,0.09248554913294797,0.09826589595375723,16,1499904000000
PK,SIK,1,11,0.14545454545454542,-6.9573211621991025,0.36363636363636365,0.18181818181818182,0.2727272727272727,0.18181818181818182,16,1499904000000
CY,MOS,1,1,4.0,-0.43654505768631,1.0,0.0,0.0,0.0,16,1499904000000
CH,BUD,1,27,4.207407407407408,-0.42555569028375195,0.5925925925925926,0.4074074074074074,0.0,0.0,16,1499904000000
CT,CHR,1,17,3.5529411764705876,-5.469921327629661,0.11764705882352941,0.5882352941176471,0.23529411764705882,0.058823529411764705,16,1499904000000
BK,MOS,1,16,-2.1875,-8.123982323891173,0.4375,0.0,0.0625,0.5,16,1499904000000
RI,MOS,1,3,-5.0,-12.903859614750253,0.0,0.0,0.0,1.0,16,1499904000000
BU,JEW,1,4,-0.20000000000000018,0.88424437299036,0.75,0.0,0.25,0.0,16,1499904000000
AG,MOS,1,3,0.10000000000000024,-5.201449975273232,0.3333333333333333,0.3333333333333333,0.0,0.3333333333333333,16,1499904000000
UK,JEW,1,75,0.5266666666666665,-2.123020844832316,0.6933333333333334,0.05333333333333334,0.13333333333333333,0.12,16,1499904000000
NZ,MOS,1,2,2.3499999999999996,2.20125786163522,1.0,0.0,0.0,0.0,16,1499904000000
KS,ATH,1,1,2.8,0.540540540540539,1.0,0.0,0.0,0.0,16,1499904000000
FR,JEW,1,65,0.7723076923076917,-1.3520089373953854,0.8615384615384616,0.015384615384615385,0.015384615384615385,0.1076923076923077,16,1499904000000
MX,HIN,1,1,4.0,2.43478260869565,1.0,0.0,0.0,0.0,16,1499904000000
MY,JEW,1,3,3.6666666666666665,2.8435648381435605,1.0,0.0,0.0,0.0,16,1499904000000
IZ,CHR,1,104,-2.546153846153845,-2.8822837937243433,0.4519230769230769,0.028846153846153848,0.2403846153846154,0.27884615384615385,16,1499904000000
WE,JEW,1,30,-5.8,-7.508422820834551,0.23333333333333334,0.0,0.13333333333333333,0.6333333333333333,16,1499904000000
SN,CHR,1,2,-1.55,-0.57043707697602,0.5,0.0,0.0,0.5,16,1499904000000
PO,MOS,1,8,0.675,1.3433139488129486,0.625,0.0,0.125,0.25,16,1499904000000
JO,JEW,1,11,0.0727272727272728,-5.176355866956947,0.2727272727272727,0.2727272727272727,0.0,0.45454545454545453,16,1499904000000
CH,CON,1,3,0.0,-1.1256545777335116,1.0,0.0,0.0,0.0,16,1499904000000
KU,CHR,1,1,-10.0,-3.72549019607843,0.0,0.0,0.0,1.0,16,1499904000000
CI,MOS,1,16,1.625,-2.443476919602866,0.8125,0.0,0.0625,0.125,16,1499904000000
KG,MOS,1,2,-3.3,1.220859573527785,0.5,0.0,0.0,0.5,16,1499904000000
PO,JEW,1,4,1.2,-0.9507403047902026,0.75,0.0,0.25,0.0,16,1499904000000
OD,CHR,1,3,5.666666666666667,2.39234449760765,1.0,0.0,0.0,0.0,16,1499904000000
ER,MOS,1,4,-1.75,-4.989063045170295,0.5,0.0,0.25,0.25,16,1499904000000
PK,BUD,1,3,2.6,2.3204199410609068,1.0,0.0,0.0,0.0,16,1499904000000
VE,MOS,1,3,4.6000000000000005,-5.870010012624614,0.6666666666666666,0.3333333333333333,0.0,0.0,16,1499904000000
IS,HIN,1,10,-1.53,-0.9516966547930921,0.3,0.1,0.4,0.2,16,1499904000000
TH,CHR,1,1,1.9,-1.7766497461929,1.0,0.0,0.0,0.0,16,1499904000000
RB,MOS,1,5,-5.0,-5.6180581613508425,0.0,0.0,0.8,0.2,16,1499904000000
EI,MOS,1,21,-2.3904761904761904,-5.041628442120474,0.3333333333333333,0.047619047619047616,0.38095238095238093,0.23809523809523808,16,1499904000000
CF,MOS,1,1,7.4,-5.68421052631579,0.0,1.0,0.0,0.0,16,1499904000000
EZ,NRM,1,1,-4.0,-4.58015267175572,0.0,0.0,1.0,0.0,16,1499904000000
FI,CHR,1,5,4.12,-1.6931574151905444,1.0,0.0,0.0,0.0,16,1499904000000
CA,NRM,1,14,1.8285714285714287,0.7988650242332148,0.7857142857142857,0.0,0.21428571428571427,0.0,16,1499904000000
ES,CHR,1,6,4.0666666666666655,-0.3462121761308001,0.6666666666666666,0.3333333333333333,0.0,0.0,16,1499904000000
NI,CHR,1,300,0.3563333333333336,-2.2385429740274843,0.6266666666666667,0.06666666666666667,0.19333333333333333,0.11333333333333333,16,1499904000000
CE,CHR,1,17,0.35294117647058826,-0.6139553973607801,0.5294117647058824,0.0,0.47058823529411764,0.0,16,1499904000000
NO,HIN,1,1,1.9,2.18152744993528,1.0,0.0,0.0,0.0,16,1499904000000
CU,JEW,1,5,3.16,1.702805179834094,1.0,0.0,0.0,0.0,16,1499904000000
ZI,CHR,1,12,0.7333333333333334,-1.2498587240468502,0.5,0.0,0.5,0.0,16,1499904000000
SY,JEW,1,7,1.6285714285714286,-3.4511425549797385,0.5714285714285714,0.2857142857142857,0.14285714285714285,0.0,16,1499904000000
FJ,MOS,1,2,-2.8,2.348112575385305,0.5,0.0,0.0,0.5,16,1499904000000
CI,CHR,1,18,1.9333333333333331,0.22736913279759052,0.8888888888888888,0.1111111111111111,0.0,0.0,16,1499904000000
LH,MOS,1,1,-5.0,-4.47598253275109,0.0,0.0,0.0,1.0,16,1499904000000
AF,SIK,1,3,-0.8666666666666666,-5.187692452342337,0.0,0.3333333333333333,0.0,0.6666666666666666,16,1499904000000
MY,NRM,1,1,0.0,2.16998191681736,1.0,0.0,0.0,0.0,16,1499904000000
SU,CHR,1,12,2.9499999999999997,-4.9220869031736,0.75,0.16666666666666666,0.08333333333333333,0.0,16,1499904000000
JO,MOS,1,106,-1.518867924528301,-4.133303833416706,0.49056603773584906,0.0660377358490566,0.2641509433962264,0.1792452830188679,16,1499904000000
NL,ADR,1,2,-4.0,0.299649634860425,0.0,0.0,1.0,0.0,16,1499904000000
VM,HIN,1,5,2.24,2.673163212454658,0.8,0.0,0.2,0.0,16,1499904000000
ES,MOS,1,1,-5.0,-2.70758122743682,0.0,0.0,0.0,1.0,16,1499904000000
GH,CHR,1,51,2.3411764705882363,1.6572172589563774,0.7647058823529411,0.09803921568627451,0.09803921568627451,0.0392156862745098,16,1499904000000
RP,NRM,1,4,3.0,7.750863944707534,1.0,0.0,0.0,0.0,16,1499904000000
LY,CHR,1,4,-2.0,-7.012448132780079,0.0,0.0,1.0,0.0,16,1499904000000
MO,JEW,1,8,2.6624999999999996,0.2788178448318175,1.0,0.0,0.0,0.0,16,1499904000000
AU,MOS,1,13,1.1846153846153846,-2.0937565454799243,0.38461538461538464,0.3076923076923077,0.23076923076923078,0.07692307692307693,16,1499904000000
NP,HIN,1,9,1.8666666666666663,0.2035265285179358,0.7777777777777778,0.0,0.2222222222222222,0.0,16,1499904000000
NP,CHR,1,8,-1.2124999999999997,-2.0884827943444955,0.25,0.125,0.5,0.125,16,1499904000000
RS,HIN,1,5,3.6799999999999997,-0.11500479317931411,1.0,0.0,0.0,0.0,16,1499904000000
BM,MOS,1,37,1.227027027027027,-5.789185214213449,0.6486486486486487,0.16216216216216217,0.08108108108108109,0.10810810810810811,16,1499904000000
RB,CHR,1,10,4.239999999999999,-2.177087435117169,0.9,0.1,0.0,0.0,16,1499904000000
SZ,CHR,1,11,0.4454545454545455,-0.15691580048440806,0.45454545454545453,0.09090909090909091,0.45454545454545453,0.0,16,1499904000000
SG,MOS,1,3,4.8,-1.0430569596010768,1.0,0.0,0.0,0.0,16,1499904000000
LE,MOS,1,74,-2.3824324324324313,-4.727412596565649,0.3108108108108108,0.10810810810810811,0.12162162162162163,0.4594594594594595,16,1499904000000
MI,CHR,1,15,1.16,4.5105887640509685,0.9333333333333333,0.0,0.0,0.06666666666666667,16,1499904000000
IR,ATH,1,2,-5.0,-1.65876777251185,0.0,0.0,0.5,0.5,16,1499904000000
AS,ATH,1,7,0.8285714285714286,-0.28519215582683144,0.2857142857142857,0.2857142857142857,0.2857142857142857,0.14285714285714285,16,1499904000000
RP,MOS,1,484,-0.7008264462809911,-3.519919704562315,0.5557851239669421,0.03925619834710744,0.10743801652892562,0.2975206611570248,16,1499904000000
UK,JAN,1,1,7.0,-0.17543859649123,0.0,1.0,0.0,0.0,16,1499904000000
PL,MOS,1,9,-2.1999999999999997,-1.7836649666862532,0.5555555555555556,0.0,0.2222222222222222,0.2222222222222222,16,1499904000000
MY,MOS,1,159,1.0289308176100638,-2.3579199257084738,0.6415094339622641,0.08176100628930817,0.18867924528301888,0.0880503144654088,16,1499904000000
ET,CHR,1,10,4.36,-0.6731220578610504,1.0,0.0,0.0,0.0,16,1499904000000
BG,MOS,1,211,-0.7127962085308056,-4.328291759855364,0.6161137440758294,0.07109004739336493,0.13270142180094788,0.18009478672985782,16,1499904000000
BB,NRM,1,1,0.4,-4.27350427350428,1.0,0.0,0.0,0.0,16,1499904000000
AS,JEW,1,31,-0.2580645161290322,-1.553758356064915,0.5161290322580645,0.12903225806451613,0.1935483870967742,0.16129032258064516,16,1499904000000
OS,JEW,1,1,-5.0,0.37926675094817,0.0,0.0,0.0,1.0,16,1499904000000
TU,CHR,1,32,-1.9031250000000002,-2.868891304344387,0.3125,0.1875,0.15625,0.34375,16,1499904000000
SP,MOS,1,25,0.11199999999999992,-3.2151008603020705,0.56,0.12,0.04,0.28,16,1499904000000
LY,MOS,1,30,0.4666666666666667,-1.9397351499544726,0.6333333333333333,0.03333333333333333,0.13333333333333333,0.2,16,1499904000000
ID,MOS,1,143,-1.4706293706293703,-3.951783458204699,0.40559440559440557,0.027972027972027972,0.46153846153846156,0.1048951048951049,16,1499904000000
VT,CHR,1,43,1.2232558139534881,-1.651869600295302,0.7906976744186046,0.0,0.16279069767441862,0.046511627906976744,16,1499904000000
AU,CHR,1,32,2.45625,-0.974789244711705,0.875,0.09375,0.0,0.03125,16,1499904000000
PM,MOS,1,17,2.376470588235294,-1.9791347192109177,0.8823529411764706,0.0,0.11764705882352941,0.0,16,1499904000000
SP,CHR,1,44,0.6022727272727273,-1.5170096827927972,0.8181818181818182,0.022727272727272728,0.06818181818181818,0.09090909090909091,16,1499904000000
AE,MOS,1,23,0.643478260869565,-1.9236022052282649,0.5217391304347826,0.17391304347826086,0.13043478260869565,0.17391304347826086,16,1499904000000
US,ATH,1,85,1.8011764705882365,-1.1910734693512162,0.5882352941176471,0.2,0.1411764705882353,0.07058823529411765,16,1499904000000
IN,HIN,1,526,-1.1735741444866927,-2.7575375183583644,0.5418250950570342,0.043726235741444866,0.21102661596958175,0.20342205323193915,16,1499904000000
IZ,MOS,1,697,-1.8651362984218052,-4.224768708544072,0.42754662840746055,0.0746054519368723,0.19225251076040173,0.30559540889526543,16,1499904000000
GR,CHR,1,56,1.1678571428571427,-0.9017225534811537,0.7678571428571429,0.03571428571428571,0.08928571428571429,0.10714285714285714,16,1499904000000
US,NRM,1,170,3.0358823529411745,0.8913195838329624,0.8411764705882353,0.07058823529411765,0.07647058823529412,0.011764705882352941,16,1499904000000
PK,MOS,1,410,-1.3029268292682934,-3.902687892771831,0.47804878048780486,0.07804878048780488,0.22682926829268293,0.21707317073170732,16,1499904000000
IN,CHR,1,161,-0.9937888198757752,-3.284660323323462,0.5093167701863354,0.043478260869565216,0.32919254658385094,0.11801242236024845,16,1499904000000
QA,MOS,1,124,1.0838709677419363,-2.5971762366338744,0.6774193548387096,0.08870967741935484,0.13709677419354838,0.0967741935483871,16,1499904000000
US,BUD,2,33,1.127272727272727,-2.4772634939473153,0.6363636363636364,0.09090909090909091,0.18181818181818182,0.09090909090909091,16,1499904000000
UK,CHR,2,207,1.3072463768115945,-1.246764824421616,0.7101449275362319,0.06763285024154589,0.14009661835748793,0.0821256038647343,16,1499904000000
ID,CHR,2,56,-2.726785714285714,-5.536295158207496,0.14285714285714285,0.05357142857142857,0.6071428571428571,0.19642857142857142,16,1499904000000
RS,MOS,2,193,-2.410880829015545,-3.292754276434279,0.36787564766839376,0.06735751295336788,0.20725388601036268,0.35751295336787564,16,1499904000000
JM,CHR,2,18,0.9333333333333331,-4.477922662744508,0.8888888888888888,0.0,0.05555555555555555,0.05555555555555555,16,1499904000000
CA,CHR,2,105,1.1523809523809527,-0.9392377095330934,0.6952380952380952,0.0761904761904762,0.08571428571428572,0.14285714285714285,16,1499904000000
YM,CHR,2,13,-1.7846153846153845,-2.8597743606579433,0.6153846153846154,0.0,0.0,0.38461538461538464,16,1499904000000
BG,HIN,2,24,2.866666666666667,-3.554178982919707,0.7916666666666666,0.041666666666666664,0.16666666666666666,0.0,16,1499904000000
AS,BUD,2,1,2.8,-1.55469183786785,1.0,0.0,0.0,0.0,16,1499904000000
GH,HIN,2,2,-3.5,-3.94431554524362,0.5,0.0,0.0,0.5,16,1499904000000
VQ,CHR,2,1,2.8,5.74018126888217,1.0,0.0,0.0,0.0,16,1499904000000
SZ,JEW,2,1,2.8,0.25974025974026,1.0,0.0,0.0,0.0,16,1499904000000
DJ,HIN,2,4,2.675,-3.16619345693028,1.0,0.0,0.0,0.0,16,1499904000000
US,MOS,2,1169,-0.9451668092386677,-3.5489293167354914,0.48845166809238666,0.0718562874251497,0.19931565440547477,0.24037639007698888,16,1499904000000
DJ,MOS,2,2,7.0,3.0188679245283,0.0,1.0,0.0,0.0,16,1499904000000
NZ,JEW,2,1,1.9,-1.54639175257732,1.0,0.0,0.0,0.0,16,1499904000000
HU,JEW,2,156,0.7173076923076925,-1.500030029367468,0.6987179487179487,0.019230769230769232,0.25,0.03205128205128205,16,1499904000000
GI,MOS,2,2,2.8,-1.02986611740474,1.0,0.0,0.0,0.0,16,1499904000000
MA,MOS,2,2,2.8,3.435580425590095,1.0,0.0,0.0,0.0,16,1499904000000
GM,CHR,2,97,0.8082474226804123,-2.221946990457541,0.7010309278350515,0.07216494845360824,0.17525773195876287,0.05154639175257732,16,1499904000000
AM,CHR,2,7,-3.0,-1.7028794276331214,0.42857142857142855,0.0,0.2857142857142857,0.2857142857142857,16,1499904000000
SI,CHR,2,2,-1.5,3.074848724019995,0.5,0.0,0.5,0.0,16,1499904000000
AR,JEW,2,16,-0.9562499999999999,-4.718348384533715,0.625,0.0625,0.0,0.3125,16,1499904000000
IN,ATH,2,3,-2.0,-4.504391468005017,0.0,0.0,1.0,0.0,16,1499904000000
TU,ZRO,2,4,7.0,-2.76381909547739,1.0,0.0,0.0,0.0,16,1499904000000
TZ,CHR,2,2,3.4,-0.18277644604902,1.0,0.0,0.0,0.0,16,1499904000000
CH,SHN,2,2,4.0,-0.90570058604156,1.0,0.0,0.0,0.0,16,1499904000000
US,CHR,2,2694,1.226688938381608,-0.5999269503450821,0.7401633259094283,0.0645879732739421,0.11172976985894581,0.08351893095768374,16,1499904000000
KU,MOS,2,34,-3.2823529411764705,-4.932294606583825,0.14705882352941177,0.14705882352941177,0.14705882352941177,0.5588235294117647,16,1499904000000
EI,HIN,2,1,7.4,3.40557275541795,0.0,1.0,0.0,0.0,16,1499904000000
LE,NRM,2,2,-2.0,-2.60698475159862,0.5,0.0,0.5,0.0,16,1499904000000
UZ,MOS,2,6,0.08333333333333326,-2.528121744685951,0.6666666666666666,0.0,0.3333333333333333,0.0,16,1499904000000
MY,HIN,2,1,1.0,-2.56410256410257,1.0,0.0,0.0,0.0,16,1499904000000
TH,HIN,2,2,-3.35,-2.03523328523329,0.5,0.0,0.0,0.5,16,1499904000000
NU,CHR,2,3,5.133333333333334,-2.2987217366750037,1.0,0.0,0.0,0.0,16,1499904000000
US,HIN,2,159,0.8075471698113205,0.12929616549968326,0.7924528301886793,0.006289308176100629,0.06918238993710692,0.1320754716981132,16,1499904000000
SE,CHR,2,1,3.4,0.84175084175085,1.0,0.0,0.0,0.0,16,1499904000000
HA,CHR,2,3,0.39999999999999974,1.3816735190241,0.6666666666666666,0.0,0.3333333333333333,0.0,16,1499904000000
US,TAO,2,2,5.0,1.28440366972477,0.0,1.0,0.0,0.0,16,1499904000000
BF,SHN,2,1,1.9,4.87238979118329,1.0,0.0,0.0,0.0,16,1499904000000
NG,CHR,2,1,-4.0,-1.23456790123457,0.0,0.0,1.0,0.0,16,1499904000000
ZA,HIN,2,1,3.4,4.32525951557094,1.0,0.0,0.0,0.0,16,1499904000000
GV,MOS,2,2,3.0,1.28205128205128,1.0,0.0,0.0,0.0,16,1499904000000
NP,MOS,2,2,-9.75,-5.758706532302909,0.0,0.0,0.0,1.0,16,1499904000000
NL,HIN,2,2,3.0,0.9041881721012415,1.0,0.0,0.0,0.0,16,1499904000000
IT,SIK,2,5,1.8399999999999999,0.6891906283439079,1.0,0.0,0.0,0.0,16,1499904000000
GZ,JEW,2,1,-10.0,-6.07560756075607,0.0,0.0,0.0,1.0,16,1499904000000
UK,ATH,2,1,1.0,-2.56916996047431,1.0,0.0,0.0,0.0,16,1499904000000
PA,CHR,2,2,2.8,1.2690622261174402,1.0,0.0,0.0,0.0,16,1499904000000
IS,ATH,2,1,3.4,3.80487804878049,1.0,0.0,0.0,0.0,16,1499904000000
RQ,CHR,2,1,-5.0,-7.56302521008403,0.0,0.0,0.0,1.0,16,1499904000000
CG,MOS,2,1,-10.0,-3.05466237942122,0.0,0.0,0.0,1.0,16,1499904000000
TH,NRM,2,1,5.0,-3.26086956521739,0.0,1.0,0.0,0.0,16,1499904000000
SZ,SIK,2,2,-1.5,-9.989877653888076,0.5,0.0,0.5,0.0,16,1499904000000
LO,CHR,2,1,5.0,-2.20858895705522,0.0,1.0,0.0,0.0,16,1499904000000
PK,ATH,2,6,-4.733333333333333,-2.0586086244663284,0.3333333333333333,0.0,0.16666666666666666,0.5,16,1499904000000
IS,JEW,2,821,-0.4200974421437261,-2.8074647492384326,0.587088915956151,0.06577344701583435,0.15468940316686966,0.19244823386114496,16,1499904000000
SN,TAO,2,2,2.8,1.566829665851675,1.0,0.0,0.0,0.0,16,1499904000000
SP,NRM,2,1,1.9,-3.08030803080308,1.0,0.0,0.0,0.0,16,1499904000000
BH,MOS,2,5,-5.6,-0.0999000999001001,0.4,0.0,0.0,0.6,16,1499904000000
GG,CHR,2,2,-5.0,-2.66284309709135,0.0,0.0,0.0,1.0,16,1499904000000
VM,JEW,2,2,3.4,-0.7070404647428885,1.0,0.0,0.0,0.0,16,1499904000000
AS,SIK,2,1,2.8,1.26723816623183,1.0,0.0,0.0,0.0,16,1499904000000
SN,NRM,2,3,2.1333333333333333,3.3065735892961,1.0,0.0,0.0,0.0,16,1499904000000
MY,BUD,2,3,2.2666666666666666,0.67700968201594,1.0,0.0,0.0,0.0,16,1499904000000
MC,HIN,2,1,0.0,-0.0824742268041199,1.0,0.0,0.0,0.0,16,1499904000000
AR,BUD,2,1,-10.0,0.96153846153846,0.0,0.0,0.0,1.0,16,1499904000000
SN,JEW,2,3,2.7999999999999994,4.65116279069767,1.0,0.0,0.0,0.0,16,1499904000000
BF,JEW,2,1,-5.0,-6.80061823802164,0.0,0.0,0.0,1.0,16,1499904000000
ZI,NRM,2,1,1.9,5.49828178694158,1.0,0.0,0.0,0.0,16,1499904000000
UP,HIN,2,3,4.333333333333333,-2.901583315895937,1.0,0.0,0.0,0.0,16,1499904000000
HK,BUD,2,1,-10.0,-1.47058823529412,0.0,0.0,0.0,1.0,16,1499904000000
BC,NRM,2,2,5.0,3.05602716468591,1.0,0.0,0.0,0.0,16,1499904000000
AU,JEW,2,4,1.15,1.5611725644537722,0.75,0.0,0.0,0.25,16,1499904000000
CM,CHR,2,12,-0.325,-4.9132036660514435,0.6666666666666666,0.08333333333333333,0.08333333333333333,0.16666666666666666,16,1499904000000
CU,ATH,2,1,3.0,-4.69387755102041,1.0,0.0,0.0,0.0,16,1499904000000
QA,NRM,2,2,3.0999999999999996,6.475592267004395,1.0,0.0,0.0,0.0,16,1499904000000
CH,JAN,2,5,0.8,-0.10917675934344206,0.8,0.0,0.2,0.0,16,1499904000000
CH,TAO,2,1,0.0,5.52763819095477,1.0,0.0,0.0,0.0,16,1499904000000
PO,CHR,2,6,2.8666666666666667,2.6716943265898556,0.8333333333333334,0.16666666666666666,0.0,0.0,16,1499904000000
BU,MOS,2,8,-2.55,-6.678302634184981,0.25,0.0,0.5,0.25,16,1499904000000
ZI,JEW,2,1,3.0,-2.94206854716409,1.0,0.0,0.0,0.0,16,1499904000000
IS,MOS,2,1176,-1.7454081632653018,-5.0445349705812115,0.4370748299319728,0.06462585034013606,0.22534013605442177,0.2729591836734694,16,1499904000000
PM,HIN,2,2,4.9,-0.99009900990099,1.0,0.0,0.0,0.0,16,1499904000000
DA,JEW,2,2,-1.1,-0.27075812274368,0.5,0.0,0.0,0.5,16,1499904000000
AS,HIN,2,21,-4.447619047619048,-4.300515153326122,0.47619047619047616,0.0,0.0,0.5238095238095238,16,1499904000000
PE,JEW,2,2,4.0,0.60882800608828,1.0,0.0,0.0,0.0,16,1499904000000
NL,CHR,2,13,3.5461538461538455,0.33929290371432386,0.9230769230769231,0.07692307692307693,0.0,0.0,16,1499904000000
TU,ATH,2,2,0.0,-1.9731541791269,1.0,0.0,0.0,0.0,16,1499904000000
EI,NRM,2,4,1.35,1.4574391164558314,0.75,0.0,0.25,0.0,16,1499904000000
AF,CHR,2,8,4.95,-0.5253763090463499,0.5,0.5,0.0,0.0,16,1499904000000
BK,CHR,2,1,3.0,-6.04099244875944,1.0,0.0,0.0,0.0,16,1499904000000
ET,MOS,2,4,-4.5,-1.55381860454764,0.5,0.0,0.0,0.5,16,1499904000000
MO,CHR,2,4,2.5,-5.15803336259877,0.75,0.25,0.0,0.0,16,1499904000000
BX,MOS,2,6,4.733333333333333,2.747553992526205,0.5,0.5,0.0,0.0,16,1499904000000
RW,MOS,2,3,3.9333333333333336,3.7953200980867536,1.0,0.0,0.0,0.0,16,1499904000000
KZ,MOS,2,2,-2.5,-2.352001529333215,0.5,0.0,0.0,0.5,16,1499904000000
LT,MOS,2,1,-0.4,-4.20168067226891,1.0,0.0,0.0,0.0,16,1499904000000
TW,NRM,2,6,-0.16666666666666666,-1.3403007108406648,0.8333333333333334,0.0,0.0,0.16666666666666666,16,1499904000000
MV,MOS,2,3,4.333333333333333,-0.016296168483206735,0.6666666666666666,0.3333333333333333,0.0,0.0,16,1499904000000
SF,HIN,2,6,3.2999999999999994,2.5225371271637447,1.0,0.0,0.0,0.0,16,1499904000000
KS,CHR,2,15,0.9733333333333333,1.265067376126486,0.8666666666666667,0.0,0.0,0.13333333333333333,16,1499904000000
FR,SIK,2,2,-3.5,-6.2435855570069005,0.0,0.0,0.5,0.5,16,1499904000000
MR,MOS,2,2,3.4,-0.71967529886428,1.0,0.0,0.0,0.0,16,1499904000000
BR,JEW,2,11,-0.36363636363636365,-5.890318547498897,0.09090909090909091,0.09090909090909091,0.8181818181818182,0.0,16,1499904000000
RO,MOS,2,5,-3.9200000000000004,-1.7583148558758341,0.6,0.0,0.0,0.4,16,1499904000000
FJ,SIK,2,1,-10.0,1.93236714975846,0.0,0.0,0.0,1.0,16,1499904000000
VM,BUD,2,3,-1.0666666666666667,-0.27053381327571696,0.6666666666666666,0.0,0.0,0.3333333333333333,16,1499904000000
LI,MOS,2,1,3.4,2.81425891181988,1.0,0.0,0.0,0.0,16,1499904000000
JA,NRM,2,3,5.0,3.23466487850049,0.3333333333333333,0.6666666666666666,0.0,0.0,16,1499904000000
NL,JEW,2,8,4.5875,-2.490652524492498,0.75,0.25,0.0,0.0,16,1499904000000
BD,HIN,2,1,1.9,3.88888888888889,1.0,0.0,0.0,0.0,16,1499904000000
MH,MOS,2,3,1.5999999999999999,0.6029286399632499,0.6666666666666666,0.0,0.3333333333333333,0.0,16,1499904000000
SN,MOS,2,12,-0.3666666666666667,-1.9350016015156228,0.5,0.08333333333333333,0.16666666666666666,0.25,16,1499904000000
RS,JAN,2,1,1.0,-0.93959731543625,1.0,0.0,0.0,0.0,16,1499904000000
ER,CHR,2,7,-2.542857142857143,-3.765591526805881,0.2857142857142857,0.0,0.2857142857142857,0.42857142857142855,16,1499904000000
TH,BUD,2,24,1.0083333333333333,-1.5515810108106003,0.5416666666666666,0.16666666666666666,0.20833333333333334,0.08333333333333333,16,1499904000000
NZ,NRM,2,1,3.4,1.85528756957328,1.0,0.0,0.0,0.0,16,1499904000000
AS,SHN,2,5,-4.4,2.67334590029057,0.0,0.0,1.0,0.0,16,1499904000000
PO,JAN,2,1,-5.0,-2.49376558603491,0.0,0.0,0.0,1.0,16,1499904000000
SF,JAN,2,2,0.0,3.31384015594542,1.0,0.0,0.0,0.0,16,1499904000000
IZ,JEW,2,8,1.7,-1.9603814740634475,0.875,0.125,0.0,0.0,16,1499904000000
KE,JEW,2,2,-1.05,-1.1687710879467126,0.5,0.0,0.0,0.5,16,1499904000000
MK,JEW,2,1,2.8,0.5759539236861,1.0,0.0,0.0,0.0,16,1499904000000
KN,CHR,2,2,2.3499999999999996,1.76391416439187,1.0,0.0,0.0,0.0,16,1499904000000
BM,JEW,2,5,0.36000000000000015,0.297628067679706,0.4,0.2,0.4,0.0,16,1499904000000
TW,MOS,2,1,-10.0,-5.86124401913875,0.0,0.0,0.0,1.0,16,1499904000000
EC,MOS,2,2,-3.5,-1.89125295508274,0.0,0.0,0.5,0.5,16,1499904000000
TH,MOS,2,14,-4.928571428571429,-7.187537234099067,0.07142857142857142,0.14285714285714285,0.14285714285714285,0.6428571428571429,16,1499904000000
RW,CHR,2,6,-5.383333333333334,-4.183519639728728,0.3333333333333333,0.0,0.0,0.6666666666666666,16,1499904000000
SH,SHN,2,1,2.8,3.74603174603175,1.0,0.0,0.0,0.0,16,1499904000000
SF,JEW,2,3,2.9,-1.1455222175498667,1.0,0.0,0.0,0.0,16,1499904000000
AM,MOS,2,2,0.7999999999999998,-2.508204189783545,0.0,0.5,0.5,0.0,16,1499904000000
RS,BUD,2,4,-5.0,-3.595002848765305,0.5,0.0,0.0,0.5,16,1499904000000
SY,HIN,2,4,-0.3500000000000001,-1.4959541786768624,0.75,0.0,0.0,0.25,16,1499904000000
BO,MOS,2,2,-0.4500000000000002,-5.78998256459027,0.5,0.0,0.5,0.0,16,1499904000000
CF,MOS,2,9,0.9111111111111114,-7.478147243610944,0.0,0.5555555555555556,0.2222222222222222,0.2222222222222222,16,1499904000000
FR,NRM,2,2,3.4,6.612971974567525,1.0,0.0,0.0,0.0,16,1499904000000
AF,JEW,2,3,-2.3333333333333335,0.52878965922444,0.3333333333333333,0.0,0.6666666666666666,0.0,16,1499904000000
KS,BUD,2,3,1.8999999999999997,-0.73081607795371,1.0,0.0,0.0,0.0,16,1499904000000
NO,JEW,2,4,-1.55,-3.611958269078042,0.25,0.0,0.75,0.0,16,1499904000000
AJ,HIN,2,2,2.3499999999999996,-9.42760942760942,1.0,0.0,0.0,0.0,16,1499904000000
TZ,HIN,2,2,3.0999999999999996,7.34966592427617,1.0,0.0,0.0,0.0,16,1499904000000
RE,MOS,2,2,-9.0,-7.78761061946903,0.0,0.0,0.0,1.0,16,1499904000000
UG,CHR,2,24,1.0374999999999999,-3.8338715265049945,0.7916666666666666,0.08333333333333333,0.0,0.125,16,1499904000000
AR,MOS,2,6,4.783333333333333,-2.2414547443259485,0.5,0.5,0.0,0.0,16,1499904000000
BR,HIN,2,3,-3.3333333333333335,-0.3021885407683967,0.0,0.0,1.0,0.0,16,1499904000000
BG,BUD,2,6,-3.783333333333333,-8.07869567786225,0.16666666666666666,0.0,0.5,0.3333333333333333,16,1499904000000
UK,HIN,2,16,0.32499999999999996,-1.9853071970162344,0.5625,0.125,0.125,0.1875,16,1499904000000
US,JEW,2,411,0.6922141119221416,-1.534179267376861,0.681265206812652,0.0705596107055961,0.1654501216545012,0.0827250608272506,16,1499904000000
KS,MOS,2,12,-1.4833333333333334,-1.0778761330012998,0.5,0.0,0.4166666666666667,0.08333333333333333,16,1499904000000
NZ,CHR,2,8,4.1000000000000005,2.372659821603464,1.0,0.0,0.0,0.0,16,1499904000000
NI,HIN,2,1,4.0,4.06976744186047,1.0,0.0,0.0,0.0,16,1499904000000
FJ,CHR,2,5,0.0,0.43016326725753407,0.6,0.0,0.2,0.2,16,1499904000000
CH,MOS,2,114,-1.6736842105263154,-3.157282565747879,0.41228070175438597,0.08771929824561403,0.14912280701754385,0.3508771929824561,16,1499904000000
TD,HIN,2,2,4.0,-1.41043723554302,1.0,0.0,0.0,0.0,16,1499904000000
UG,MOS,2,16,1.075,-0.24374259781306007,0.6875,0.0,0.1875,0.125,16,1499904000000
WS,CHR,2,2,3.0999999999999996,4.34782608695653,1.0,0.0,0.0,0.0,16,1499904000000
CE,MOS,2,19,-4.978947368421053,-4.090251911003106,0.2631578947368421,0.0,0.3157894736842105,0.42105263157894735,16,1499904000000
UK,NRM,2,9,3.4,3.222636188923054,0.8888888888888888,0.1111111111111111,0.0,0.0,16,1499904000000
CU,MOS,2,2,5.6,-5.611010503440785,0.5,0.5,0.0,0.0,16,1499904000000
AM,JEW,2,1,7.0,-4.24688561721405,0.0,1.0,0.0,0.0,16,1499904000000
KV,CHR,2,3,-0.3333333333333333,-2.898682101426003,0.0,0.3333333333333333,0.6666666666666666,0.0,16,1499904000000
SP,CHR,2,68,-0.0029411764705881333,-2.2244043479937323,0.5735294117647058,0.029411764705882353,0.16176470588235295,0.23529411764705882,16,1499904000000
HO,CHR,2,1,1.9,4.45269016697588,1.0,0.0,0.0,0.0,16,1499904000000
CO,CHR,2,26,1.4269230769230767,-3.5541984130632645,0.9615384615384616,0.0,0.038461538461538464,0.0,16,1499904000000
MX,MOS,2,6,-2.033333333333333,-4.334089189571591,0.3333333333333333,0.0,0.5,0.16666666666666666,16,1499904000000
TU,CHR,2,33,-1.6242424242424243,-2.9702725553107623,0.5454545454545454,0.09090909090909091,0.06060606060606061,0.30303030303030304,16,1499904000000
BF,CHR,2,1,5.0,-0.5859375,0.0,1.0,0.0,0.0,16,1499904000000
SZ,MOS,2,10,-0.99,-3.2310399738716504,0.6,0.0,0.2,0.2,16,1499904000000
IT,SHN,2,1,-4.4,2.19456298403667,0.0,0.0,1.0,0.0,16,1499904000000
CI,CHR,2,26,2.0961538461538463,-0.7962638573795282,0.6923076923076923,0.23076923076923078,0.07692307692307693,0.0,16,1499904000000
IT,JEW,2,12,1.5250000000000001,0.21554525862893584,0.8333333333333334,0.0,0.08333333333333333,0.08333333333333333,16,1499904000000
GZ,MOS,2,6,-1.8333333333333333,-4.218718241089212,0.6666666666666666,0.0,0.0,0.3333333333333333,16,1499904000000
TD,MOS,2,4,-0.5,-5.98006010424547,0.5,0.0,0.5,0.0,16,1499904000000
NI,NRM,2,7,0.6857142857142858,1.99238825278344,0.0,0.2857142857142857,0.7142857142857143,0.0,16,1499904000000
SA,CHR,2,14,0.6999999999999998,-4.02284598516922,0.42857142857142855,0.2857142857142857,0.07142857142857142,0.21428571428571427,16,1499904000000
MT,JEW,2,1,1.9,4.199066874028,1.0,0.0,0.0,0.0,16,1499904000000
CA,SIK,2,11,-0.7000000000000001,-2.8212582893612885,0.45454545454545453,0.0,0.45454545454545453,0.09090909090909091,16,1499904000000
BA,MOS,2,36,-2.7555555555555546,-5.201164793624844,0.3055555555555556,0.05555555555555555,0.2777777777777778,0.3611111111111111,16,1499904000000
LH,JEW,2,3,1.2666666666666666,0.09550698178554,1.0,0.0,0.0,0.0,16,1499904000000
BG,JEW,2,8,2.225,2.8273809523809494,1.0,0.0,0.0,0.0,16,1499904000000
AJ,MOS,2,14,-0.44285714285714295,-1.671676837924172,0.5714285714285714,0.0,0.21428571428571427,0.21428571428571427,16,1499904000000
CY,MOS,2,1,7.0,2.89855072463768,1.0,0.0,0.0,0.0,16,1499904000000
GJ,CHR,2,3,3.0,0.1706594738165501,1.0,0.0,0.0,0.0,16,1499904000000
HU,MOS,2,20,1.3199999999999998,-3.1099999031914694,0.55,0.2,0.15,0.1,16,1499904000000
IZ,HIN,2,4,0.85,0.12916161856555997,1.0,0.0,0.0,0.0,16,1499904000000
TU,HIN,2,1,0.4,-4.38448566610455,1.0,0.0,0.0,0.0,16,1499904000000
CD,MOS,2,6,-1.4833333333333334,-5.941303000211044,0.6666666666666666,0.0,0.0,0.3333333333333333,16,1499904000000
JE,MOS,2,2,3.4,-2.95092036895316,1.0,0.0,0.0,0.0,16,1499904000000
YM,MOS,2,43,-2.8674418604651164,-5.3796045027381405,0.3953488372093023,0.06976744186046512,0.09302325581395349,0.4418604651162791,16,1499904000000
CU,ADR,2,2,3.5,1.8018018018018,1.0,0.0,0.0,0.0,16,1499904000000
JO,CHR,2,8,2.4749999999999996,0.06615941727466379,1.0,0.0,0.0,0.0,16,1499904000000
TT,MOS,2,12,2.5,0.8068080104814159,0.9166666666666666,0.0,0.08333333333333333,0.0,16,1499904000000
BT,CHR,2,1,2.8,2.06985769728331,1.0,0.0,0.0,0.0,16,1499904000000
KE,MOS,2,10,-2.9,-6.341724131272075,0.3,0.0,0.5,0.2,16,1499904000000
AF,NRM,2,3,4.666666666666667,-1.1973911122841767,1.0,0.0,0.0,0.0,16,1499904000000
QA,CHR,2,4,2.9000000000000004,-0.48403763528579996,1.0,0.0,0.0,0.0,16,1499904000000
SL,MOS,2,2,1.5,-2.376089888438015,1.0,0.0,0.0,0.0,16,1499904000000
IR,HIN,2,1,0.4,0.58055152394775,1.0,0.0,0.0,0.0,16,1499904000000
CH,HIN,2,45,0.5177777777777778,-3.7792104050288446,0.8,0.0,0.13333333333333333,0.06666666666666667,16,1499904000000
CE,HIN,2,23,0.8869565217391306,-2.7125307069234883,0.9565217391304348,0.043478260869565216,0.0,0.0,16,1499904000000
GT,CHR,2,2,4.0,0.6090921464543325,1.0,0.0,0.0,0.0,16,1499904000000
JE,ATH,2,2,-0.3,-0.929894455010104,1.0,0.0,0.0,0.0,16,1499904000000
SW,NRM,2,2,1.7,1.4068157051933654,1.0,0.0,0.0,0.0,16,1499904000000
PK,JEW,2,7,3.8999999999999995,-1.9631801701175857,0.7142857142857143,0.2857142857142857,0.0,0.0,16,1499904000000
KN,MOS,2,13,0.46923076923076945,-0.7666726137928799,0.6153846153846154,0.0,0.23076923076923078,0.15384615384615385,16,1499904000000
US,JAN,2,3,1.2666666666666666,0.3196024540283167,1.0,0.0,0.0,0.0,16,1499904000000
BL,CHR,2,1,1.0,2.09302325581395,1.0,0.0,0.0,0.0,16,1499904000000
VE,HIN,2,4,2.725,0.02661927115926499,1.0,0.0,0.0,0.0,16,1499904000000
PL,JEW,2,37,-0.18378378378378377,-1.3485054738326077,0.6486486486486487,0.02702702702702703,0.1891891891891892,0.13513513513513514,16,1499904000000
ER,MOS,2,2,-1.0,-4.76529160739687,0.5,0.0,0.5,0.0,16,1499904000000
PE,CHR,2,14,3.692857142857142,-0.12096080149139,0.7857142857142857,0.14285714285714285,0.07142857142857142,0.0,16,1499904000000
UP,CHR,2,17,0.152941176470588,-2.1596654284584447,0.7647058823529411,0.0,0.0,0.23529411764705882,16,1499904000000
BN,MOS,2,1,-4.0,-3.80952380952381,0.0,0.0,1.0,0.0,16,1499904000000
SA,NRM,2,2,0.7,2.0174799703125124,0.5,0.0,0.5,0.0,16,1499904000000
UV,CHR,2,2,1.9,-5.077302681765675,1.0,0.0,0.0,0.0,16,1499904000000
VT,MOS,2,7,0.7142857142857143,-4.462025393107148,1.0,0.0,0.0,0.0,16,1499904000000
KE,CHR,2,23,-0.5739130434782609,-3.161055360502757,0.782608695652174,0.0,0.043478260869565216,0.17391304347826086,16,1499904000000
TH,CHR,2,2,-2.0,1.19106699751861,0.0,1.0,0.0,0.0,16,1499904000000
EZ,CHR,2,18,2.5999999999999996,-1.7588055964681528,0.8888888888888888,0.0,0.1111111111111111,0.0,16,1499904000000
PL,CHR,2,28,-0.8464285714285715,-1.7113295461446882,0.75,0.0,0.07142857142857142,0.17857142857142858,16,1499904000000
CH,SIK,2,1,-2.0,1.67785234899328,0.0,0.0,1.0,0.0,16,1499904000000
IR,CHR,2,19,-0.6526315789473683,-5.723094843656604,0.631578947368421,0.0,0.0,0.3684210526315789,16,1499904000000
JA,HIN,2,1,4.0,1.62721893491124,1.0,0.0,0.0,0.0,16,1499904000000
MO,MOS,2,34,1.8852941176470586,-2.9973552215096704,0.7352941176470589,0.08823529411764706,0.11764705882352941,0.058823529411764705,16,1499904000000
LH,CHR,2,4,0.55,-2.325278729773115,1.0,0.0,0.0,0.0,16,1499904000000
UK,BUD,2,2,4.45,-2.22302884918881,1.0,0.0,0.0,0.0,16,1499904000000
BM,BUD,2,9,-1.2333333333333332,-1.5793951063882803,0.6666666666666666,0.0,0.0,0.3333333333333333,16,1499904000000
GR,JEW,2,9,-1.0888888888888886,-0.3574373807720646,0.5555555555555556,0.1111111111111111,0.1111111111111111,0.2222222222222222,16,1499904000000
IN,TAO,2,2,1.9,1.566829665851675,1.0,0.0,0.0,0.0,16,1499904000000
AO,CHR,2,1,-0.4,-6.14334470989761,1.0,0.0,0.0,0.0,16,1499904000000
SP,BUD,2,2,2.8,0.35087719298245,1.0,0.0,0.0,0.0,16,1499904000000
GG,JEW,2,5,1.72,-1.9675684688815722,0.4,0.6,0.0,0.0,16,1499904000000
IT,MOS,2,49,2.5346938775510206,-0.9783945756709505,0.8979591836734694,0.061224489795918366,0.02040816326530612,0.02040816326530612,16,1499904000000
BR,CHR,2,14,-0.32857142857142857,-2.4155284634753853,0.5714285714285714,0.14285714285714285,0.07142857142857142,0.21428571428571427,16,1499904000000
ZI,MOS,2,4,1.2,-1.354425555682075,0.75,0.0,0.25,0.0,16,1499904000000
BR,MOS,2,4,-1.5,-3.3925974338835445,0.5,0.0,0.0,0.5,16,1499904000000
RP,CHR,2,68,-0.8632352941176472,-1.7306428824422075,0.5294117647058824,0.04411764705882353,0.1323529411764706,0.29411764705882354,16,1499904000000
DJ,JEW,2,1,0.0,0.171038517796195,1.0,0.0,0.0,0.0,16,1499904000000
DA,CHR,2,6,4.0,1.9304012358913383,0.6666666666666666,0.3333333333333333,0.0,0.0,16,1499904000000
AU,BUD,2,2,1.9,-1.33079847908745,1.0,0.0,0.0,0.0,16,1499904000000
OD,JEW,2,2,0.0,-4.61209947294695,1.0,0.0,0.0,0.0,16,1499904000000
RS,JEW,2,46,-1.0760869565217395,-2.8561105374083886,0.41304347826086957,0.043478260869565216,0.2608695652173913,0.2826086956521739,16,1499904000000
BP,ATH,2,1,-0.4,-3.05602716468591,1.0,0.0,0.0,0.0,16,1499904000000
EG,JEW,2,15,-0.3533333333333333,-1.4319913075650816,0.8,0.0,0.06666666666666667,0.13333333333333333,16,1499904000000
IN,SIK,2,101,-1.3405940594059407,-5.742895757846143,0.33663366336633666,0.16831683168316833,0.15841584158415842,0.33663366336633666,16,1499904000000
ID,NRM,2,6,3.5,3.24074074074074,1.0,0.0,0.0,0.0,16,1499904000000
DR,CHR,2,3,0.09999999999999994,-1.1279834389716532,0.6666666666666666,0.0,0.0,0.3333333333333333,16,1499904000000
TS,MOS,2,6,-3.6,-4.505197077215427,0.16666666666666666,0.0,0.5,0.3333333333333333,16,1499904000000
ET,JEW,2,4,0.75,4.188118384721587,1.0,0.0,0.0,0.0,16,1499904000000
RS,ATH,2,2,0.0,-4.32011331444759,1.0,0.0,0.0,0.0,16,1499904000000
CE,CHR,2,10,0.4,0.40099129913336196,0.6,0.0,0.4,0.0,16,1499904000000
OS,CHR,2,2,2.0,-0.413447874801005,1.0,0.0,0.0,0.0,16,1499904000000
LY,JEW,2,8,-0.875,-4.062347941538935,0.625,0.0,0.375,0.0,16,1499904000000
CA,HIN,2,21,2.2333333333333325,2.7988267675870993,0.9523809523809523,0.0,0.047619047619047616,0.0,16,1499904000000
BT,BUD,2,3,3.3333333333333335,-0.3349943385071367,0.3333333333333333,0.6666666666666666,0.0,0.0,16,1499904000000
GM,HIN,2,7,-0.7142857142857143,-0.5345633860389927,0.42857142857142855,0.0,0.2857142857142857,0.2857142857142857,16,1499904000000
RW,NRM,2,1,0.0,2.05198358413132,1.0,0.0,0.0,0.0,16,1499904000000
SP,JEW,2,7,2.0571428571428574,-0.2078121533674657,0.7142857142857143,0.14285714285714285,0.0,0.14285714285714285,16,1499904000000
CU,HIN,2,1,2.8,-9.8076923076923,1.0,0.0,0.0,0.0,16,1499904000000
JA,CHR,2,13,1.0307692307692309,-0.7272727735608923,0.6923076923076923,0.07692307692307693,0.15384615384615385,0.07692307692307693,16,1499904000000
JE,HIN,2,2,-5.0,-6.27450980392157,0.0,0.0,0.0,1.0,16,1499904000000
UP,MOS,2,4,-4.4,-4.694157313549913,0.0,0.25,0.25,0.5,16,1499904000000
SY,MOS,2,728,-2.6160714285714275,-4.263166371825703,0.34203296703296704,0.1043956043956044,0.14697802197802198,0.4065934065934066,16,1499904000000
NO,CHR,2,5,-4.279999999999999,-2.090606090290364,0.4,0.0,0.2,0.4,16,1499904000000
PK,HIN,2,47,-1.0702127659574465,-3.8542790307543235,0.40425531914893614,0.14893617021276595,0.1702127659574468,0.2765957446808511,16,1499904000000
BM,CHR,2,9,-0.7666666666666665,-4.240801215892917,0.3333333333333333,0.1111111111111111,0.1111111111111111,0.4444444444444444,16,1499904000000
HK,CHR,2,2,5.2,-3.86328524708573,0.5,0.5,0.0,0.0,16,1499904000000
TS,CHR,2,2,-2.0,0.811190537217935,0.5,0.0,0.0,0.5,16,1499904000000
TU,MOS,2,319,-0.39153605015673965,-4.031454280540938,0.5203761755485894,0.04075235109717868,0.31347962382445144,0.12539184952978055,16,1499904000000
JA,SIK,2,2,-1.0,-1.121358957886255,0.5,0.0,0.5,0.0,16,1499904000000
AS,NRM,2,7,2.5714285714285716,3.134022703132484,1.0,0.0,0.0,0.0,16,1499904000000
IT,CHR,2,181,0.7751381215469618,-1.3805949307618934,0.5966850828729282,0.08839779005524862,0.24861878453038674,0.06629834254143646,16,1499904000000
RB,HIN,2,1,2.8,-6.04099244875944,1.0,0.0,0.0,0.0,16,1499904000000
NP,BUD,2,4,1.9,0.73420921011269,1.0,0.0,0.0,0.0,16,1499904000000
NI,JEW,2,5,3.04,-3.2469702648675662,1.0,0.0,0.0,0.0,16,1499904000000
VM,MOS,2,30,-3.056666666666666,-5.464192266721065,0.3333333333333333,0.06666666666666667,0.13333333333333333,0.4666666666666667,16,1499904000000
DJ,CHR,2,11,-2.109090909090909,-5.27272252598705,0.6363636363636364,0.0,0.0,0.36363636363636365,16,1499904000000
BU,JEW,2,4,2.275,0.88424437299036,0.25,0.5,0.25,0.0,16,1499904000000
CA,JEW,2,22,-0.42727272727272747,-2.089609419126572,0.5454545454545454,0.09090909090909091,0.09090909090909091,0.2727272727272727,16,1499904000000
KG,MOS,2,4,-0.55,0.4551820728291325,0.75,0.0,0.0,0.25,16,1499904000000
UK,MOS,2,305,-0.9131147540983597,-3.469209908778629,0.5311475409836065,0.07540983606557378,0.18032786885245902,0.21311475409836064,16,1499904000000
SA,JEW,2,12,-4.583333333333333,-4.282574401002977,0.3333333333333333,0.0,0.16666666666666666,0.5,16,1499904000000
HR,CHR,2,3,-1.3333333333333333,-3.8042567454332,0.0,0.3333333333333333,0.0,0.6666666666666666,16,1499904000000
HR,JEW,2,1,1.9,-1.9578313253012,1.0,0.0,0.0,0.0,16,1499904000000
SO,CHR,2,7,-1.1714285714285715,-5.016501055204553,0.14285714285714285,0.5714285714285714,0.0,0.2857142857142857,16,1499904000000
NZ,MOS,2,3,0.8999999999999999,0.13102725366876347,0.6666666666666666,0.0,0.3333333333333333,0.0,16,1499904000000
SY,CHR,2,30,-0.8966666666666668,-3.4743771253464883,0.5,0.1,0.23333333333333334,0.16666666666666666,16,1499904000000
KS,ATH,2,1,1.9,0.540540540540539,1.0,0.0,0.0,0.0,16,1499904000000
AF,SIK,2,1,-2.0,-5.6969696969697,0.0,0.0,1.0,0.0,16,1499904000000
PK,CHR,2,85,-3.380000000000001,-7.233329632322275,0.12941176470588237,0.058823529411764705,0.2235294117647059,0.5882352941176471,16,1499904000000
MX,HIN,2,2,3.7,1.75044034485955,1.0,0.0,0.0,0.0,16,1499904000000
CA,MOS,2,277,-0.6794223826714794,-3.3743214355490996,0.5018050541516246,0.061371841155234655,0.296028880866426,0.1407942238267148,16,1499904000000
KN,JEW,2,3,3.0,-2.0486745153821833,1.0,0.0,0.0,0.0,16,1499904000000
MY,JEW,2,2,4.0,2.22672064777328,1.0,0.0,0.0,0.0,16,1499904000000
FR,CHR,2,115,1.1069565217391306,-0.824700945329548,0.6782608695652174,0.10434782608695652,0.09565217391304348,0.12173913043478261,16,1499904000000
MK,MOS,2,4,-0.3500000000000001,-3.86362105112105,0.75,0.0,0.25,0.0,16,1499904000000
SN,CHR,2,1,2.8,-0.92348284960422,1.0,0.0,0.0,0.0,16,1499904000000
CI,MOS,2,10,5.0,-3.9794983688537577,1.0,0.0,0.0,0.0,16,1499904000000
TI,MOS,2,4,-0.55,-6.8340136429028515,0.5,0.0,0.5,0.0,16,1499904000000
OD,CHR,2,4,4.725,0.19542116390341224,1.0,0.0,0.0,0.0,16,1499904000000
DA,MOS,2,18,-1.0611111111111111,-3.227034344011768,0.4444444444444444,0.1111111111111111,0.0,0.4444444444444444,16,1499904000000
IN,JEW,2,354,2.3180790960451914,0.70116658703646,0.9180790960451978,0.022598870056497175,0.02824858757062147,0.031073446327683617,16,1499904000000
AU,MOS,2,13,2.507692307692307,-1.17521430137294,0.7692307692307693,0.07692307692307693,0.07692307692307693,0.07692307692307693,16,1499904000000
TT,CHR,2,1,3.4,-1.5,1.0,0.0,0.0,0.0,16,1499904000000
TD,NRM,2,1,-2.0,3.19148936170212,0.0,0.0,1.0,0.0,16,1499904000000
PL,BUD,2,2,1.9,-3.736681423529345,1.0,0.0,0.0,0.0,16,1499904000000
PK,BUD,2,5,6.5200000000000005,-0.03381329162090392,0.4,0.6,0.0,0.0,16,1499904000000
ID,JEW,2,2,1.5999999999999999,-3.13390313390314,1.0,0.0,0.0,0.0,16,1499904000000
US,SIK,2,25,1.072,0.651059806185211,0.76,0.0,0.16,0.08,16,1499904000000
AS,ATH,2,2,5.4,1.6507804069604548,0.5,0.5,0.0,0.0,16,1499904000000
BF,MOS,2,1,7.4,1.23122383649347,0.0,1.0,0.0,0.0,16,1499904000000
VE,MOS,2,1,3.4,-4.21052631578948,1.0,0.0,0.0,0.0,16,1499904000000
FI,CHR,2,5,4.3,-1.6931574151905444,1.0,0.0,0.0,0.0,16,1499904000000
JO,JEW,2,9,0.4999999999999999,-4.062829511881291,0.5555555555555556,0.1111111111111111,0.3333333333333333,0.0,16,1499904000000
GM,JEW,2,67,-0.2522388059701493,-2.8790027664823175,0.34328358208955223,0.19402985074626866,0.1791044776119403,0.2835820895522388,16,1499904000000
CA,NRM,2,8,5.05,1.5220039124678988,1.0,0.0,0.0,0.0,16,1499904000000
EI,CHR,2,61,1.695081967213115,-1.326997144441818,0.5409836065573771,0.26229508196721313,0.14754098360655737,0.04918032786885246,16,1499904000000
IT,HIN,2,1,4.0,5.23560209424084,1.0,0.0,0.0,0.0,16,1499904000000
RB,MOS,2,2,0.0,-2.5980274236228,1.0,0.0,0.0,0.0,16,1499904000000
UK,SIK,2,21,-0.30476190476190473,-2.4338992172772134,0.5238095238095238,0.0,0.047619047619047616,0.42857142857142855,16,1499904000000
CU,JEW,2,5,-1.4,-1.8281038451153218,0.6,0.0,0.2,0.2,16,1499904000000
EI,MOS,2,31,-5.483870967741935,-5.430882173627264,0.22580645161290322,0.06451612903225806,0.06451612903225806,0.6451612903225806,16,1499904000000
NI,MOS,2,149,-0.7724832214765103,-3.200933925484324,0.5570469798657718,0.08053691275167785,0.15436241610738255,0.2080536912751678,16,1499904000000
IN,BUD,2,33,2.0666666666666664,-0.3911489213666394,0.7878787878787878,0.09090909090909091,0.09090909090909091,0.030303030303030304,16,1499904000000
MT,CHR,2,36,0.3888888888888889,1.43677206610894,0.3333333333333333,0.25,0.3611111111111111,0.05555555555555555,16,1499904000000
LE,CHR,2,19,2.6842105263157894,-2.213978163099709,0.5789473684210527,0.3157894736842105,0.0,0.10526315789473684,16,1499904000000
IN,HIN,2,460,-1.1571739130434802,-3.525429037913624,0.6152173913043478,0.013043478260869565,0.13695652173913042,0.23478260869565218,16,1499904000000
SO,MOS,2,52,-4.603846153846154,-4.235520510617618,0.1346153846153846,0.057692307692307696,0.34615384615384615,0.46153846153846156,16,1499904000000
TZ,MOS,2,5,-6.0,-4.090524674946417,0.2,0.0,0.0,0.8,16,1499904000000
WE,JEW,2,68,-6.849999999999996,-7.491279956529366,0.17647058823529413,0.0,0.08823529411764706,0.7352941176470589,16,1499904000000
WA,CHR,2,1,0.0,6.25,1.0,0.0,0.0,0.0,16,1499904000000
SY,JEW,2,9,-2.8444444444444446,-3.430307603690586,0.2222222222222222,0.1111111111111111,0.4444444444444444,0.2222222222222222,16,1499904000000
GR,MOS,2,8,0.1875,-0.5640890064564963,0.625,0.125,0.0,0.25,16,1499904000000
SA,MOS,2,341,-0.5149560117302041,-3.169845021270958,0.5571847507331378,0.08504398826979472,0.17595307917888564,0.18181818181818182,16,1499904000000
BG,MOS,2,151,-1.2642384105960256,-4.748607165208141,0.5364238410596026,0.059602649006622516,0.07947019867549669,0.32450331125827814,16,1499904000000
FR,MOS,2,149,-0.31677852348993274,-3.9576543970796725,0.42953020134228187,0.1610738255033557,0.21476510067114093,0.19463087248322147,16,1499904000000
SW,MOS,2,11,2.1636363636363636,-3.4382319988944006,0.7272727272727273,0.18181818181818182,0.0,0.09090909090909091,16,1499904000000
PL,MOS,2,11,0.709090909090909,-2.6038904891010746,0.6363636363636364,0.09090909090909091,0.2727272727272727,0.0,16,1499904000000
CT,CHR,2,10,-0.8600000000000003,-5.608339009975193,0.7,0.0,0.0,0.3,16,1499904000000
EG,MOS,2,224,-1.8714285714285719,-4.915766044581259,0.4642857142857143,0.044642857142857144,0.16964285714285715,0.32142857142857145,16,1499904000000
SU,CHR,2,17,0.47058823529411764,-4.4002630899856925,0.5882352941176471,0.11764705882352941,0.058823529411764705,0.23529411764705882,16,1499904000000
EG,CHR,2,86,-3.52093023255814,-4.317285806500187,0.4186046511627907,0.023255813953488372,0.10465116279069768,0.45348837209302323,16,1499904000000
BM,MOS,2,39,-1.2179487179487178,-6.974335231502885,0.48717948717948717,0.10256410256410256,0.07692307692307693,0.3333333333333333,16,1499904000000
MU,MOS,2,17,3.658823529411765,0.14935771050765254,0.8235294117647058,0.17647058823529413,0.0,0.0,16,1499904000000
PO,MOS,2,8,2.55,3.9236953882346763,0.875,0.0,0.0,0.125,16,1499904000000
AF,MOS,2,324,-4.4814814814814845,-5.191728967284864,0.2932098765432099,0.027777777777777776,0.18209876543209877,0.49691358024691357,16,1499904000000
MO,JEW,2,18,2.8777777777777773,-1.3397630209425995,1.0,0.0,0.0,0.0,16,1499904000000
MX,BUD,2,2,-1.5,-10.0294985250738,0.0,0.5,0.0,0.5,16,1499904000000
IS,HIN,2,3,1.5999999999999999,-0.023484077391260055,0.6666666666666666,0.0,0.3333333333333333,0.0,16,1499904000000
NP,CHR,2,11,-3.3000000000000003,-1.0440852321543277,0.45454545454545453,0.0,0.18181818181818182,0.36363636363636365,16,1499904000000
SZ,CHR,2,12,1.8500000000000003,1.932677104754908,0.9166666666666666,0.0,0.08333333333333333,0.0,16,1499904000000
ET,CHR,2,15,3.5266666666666664,-2.011924288866527,1.0,0.0,0.0,0.0,16,1499904000000
IN,MOS,2,417,-2.1282973621103145,-3.949077809413154,0.45083932853717024,0.045563549160671464,0.15347721822541965,0.3501199040767386,16,1499904000000
RS,HIN,2,9,-0.1111111111111111,-0.8054675554603759,0.8888888888888888,0.0,0.1111111111111111,0.0,16,1499904000000
PL,HIN,2,1,-4.0,2.08816705336427,0.0,0.0,1.0,0.0,16,1499904000000
SW,CHR,2,15,0.05333333333333338,-1.3827455072213488,0.6666666666666666,0.06666666666666667,0.2,0.06666666666666667,16,1499904000000
NP,HIN,2,18,-0.47777777777777775,-3.12096526133624,0.5,0.05555555555555555,0.2777777777777778,0.16666666666666666,16,1499904000000
RB,CHR,2,7,-0.5714285714285714,-5.928002654021934,0.14285714285714285,0.2857142857142857,0.5714285714285714,0.0,16,1499904000000
AE,MOS,2,17,-2.4941176470588236,-2.6422971566505837,0.29411764705882354,0.11764705882352941,0.11764705882352941,0.47058823529411764,16,1499904000000
LY,MOS,2,27,-2.937037037037037,-4.200750010862396,0.25925925925925924,0.037037037037037035,0.25925925925925924,0.4444444444444444,16,1499904000000
AG,MOS,2,8,-0.8999999999999999,-4.340419539443839,0.625,0.125,0.0,0.25,16,1499904000000
JO,MOS,2,117,0.30769230769230743,-4.229230422366877,0.6837606837606838,0.017094017094017096,0.20512820512820512,0.09401709401709402,16,1499904000000
GH,CHR,2,34,1.2088235294117646,1.6003373037644468,0.6764705882352942,0.0,0.3235294117647059,0.0,16,1499904000000
AR,CHR,2,13,0.12307692307692294,0.06391170500141005,0.6923076923076923,0.07692307692307693,0.15384615384615385,0.07692307692307693,16,1499904000000
ZI,CHR,2,15,-0.13333333333333333,-0.510679263995669,0.3333333333333333,0.13333333333333333,0.4,0.13333333333333333,16,1499904000000
GA,MOS,2,2,0.0,3.23159784560144,1.0,0.0,0.0,0.0,16,1499904000000
ES,CHR,2,4,1.9500000000000002,1.236371895820715,1.0,0.0,0.0,0.0,16,1499904000000
GR,CHR,2,40,2.542500000000001,-1.3730897899120653,0.875,0.025,0.1,0.0,16,1499904000000
LE,MOS,2,123,-4.4731707317073175,-5.217123679975608,0.24390243902439024,0.0975609756097561,0.17073170731707318,0.4878048780487805,16,1499904000000
UK,JAN,2,1,7.0,-0.17543859649123,0.0,1.0,0.0,0.0,16,1499904000000
PM,MOS,2,15,1.4666666666666666,-1.7764832331392681,0.6,0.06666666666666667,0.3333333333333333,0.0,16,1499904000000
BE,MOS,2,25,-5.592,-5.981684395446223,0.16,0.0,0.16,0.68,16,1499904000000
ID,MOS,2,145,-1.3151724137931031,-4.071941941323816,0.496551724137931,0.013793103448275862,0.19310344827586207,0.296551724137931,16,1499904000000
PK,MOS,2,400,-2.5954999999999995,-4.58784467799649,0.405,0.07,0.1875,0.3375,16,1499904000000
AS,JEW,2,14,0.12142857142857112,-1.1010395217926314,0.7142857142857143,0.0,0.14285714285714285,0.14285714285714285,16,1499904000000
AU,CHR,2,12,2.091666666666667,0.2502057506662159,0.75,0.08333333333333333,0.16666666666666666,0.0,16,1499904000000
MI,CHR,2,27,0.6037037037037037,5.34855962000782,0.9259259259259259,0.0,0.0,0.07407407407407407,16,1499904000000
PK,SIK,2,24,1.325,-6.1063131117780705,0.08333333333333333,0.5,0.20833333333333334,0.20833333333333334,16,1499904000000
VT,CHR,2,40,-1.6524999999999999,-0.8114382418070412,0.575,0.05,0.025,0.35,16,1499904000000
IN,CHR,2,118,-1.072033898305085,-2.24288438717949,0.5847457627118644,0.025423728813559324,0.11016949152542373,0.2796610169491525,16,1499904000000
RP,MOS,2,520,-0.9678846153846153,-3.9399590014267636,0.49423076923076925,0.05,0.14423076923076922,0.31153846153846154,16,1499904000000
QA,JEW,2,2,3.4,-4.454555645413125,1.0,0.0,0.0,0.0,16,1499904000000
NI,CHR,2,223,0.3031390134529148,-2.2162546589719385,0.6995515695067265,0.03587443946188341,0.16591928251121077,0.09865470852017937,16,1499904000000
CH,CON,2,2,1.5,0.22529263904579,1.0,0.0,0.0,0.0,16,1499904000000
CI,JAN,2,2,3.0,-1.26984126984127,1.0,0.0,0.0,0.0,16,1499904000000
RO,CHR,2,3,3.266666666666667,-0.3689175869490933,1.0,0.0,0.0,0.0,16,1499904000000
NP,JEW,2,3,-6.666666666666667,-3.5085201450481733,0.0,0.0,0.0,1.0,16,1499904000000
GY,MOS,2,4,0.0,-2.22457627118644,1.0,0.0,0.0,0.0,16,1499904000000
JA,JEW,2,1,7.0,-2.54452926208651,1.0,0.0,0.0,0.0,16,1499904000000
VC,CHR,2,1,1.9,3.23275862068966,1.0,0.0,0.0,0.0,16,1499904000000
TS,JEW,2,8,3.2874999999999996,-5.79439252336449,1.0,0.0,0.0,0.0,16,1499904000000
IR,MOS,2,532,-1.1483082706766916,-3.34378060685605,0.462406015037594,0.07518796992481203,0.19924812030075187,0.2631578947368421,16,1499904000000
MD,JEW,2,1,-0.4,-2.24586288416075,1.0,0.0,0.0,0.0,16,1499904000000
CH,NRM,2,32,-0.03749999999999987,-2.6528762183652463,0.5625,0.03125,0.28125,0.125,16,1499904000000
AG,CHR,2,2,0.0,-1.03626943005181,0.0,0.5,0.0,0.5,16,1499904000000
TW,CHR,2,2,3.4,3.2258064516129,1.0,0.0,0.0,0.0,16,1499904000000
IS,BUD,2,1,-10.0,-7.88381742738589,0.0,0.0,0.0,1.0,16,1499904000000
MY,MOS,2,155,0.14516129032258054,-2.7030771863586183,0.6387096774193548,0.03870967741935484,0.17419354838709677,0.14838709677419354,16,1499904000000
NL,NRM,2,1,3.4,8.2051282051282,1.0,0.0,0.0,0.0,16,1499904000000
SP,MOS,2,32,0.45937500000000003,-2.0801761403269308,0.84375,0.0,0.0625,0.09375,16,1499904000000
HR,MOS,2,7,-0.38571428571428573,-7.513489671331696,0.7142857142857143,0.0,0.2857142857142857,0.0,16,1499904000000
AL,MOS,2,2,-7.2,-1.9294743845642,0.0,0.0,0.0,1.0,16,1499904000000
EG,HIN,2,2,1.0,2.21169036334914,1.0,0.0,0.0,0.0,16,1499904000000
LE,JEW,2,5,1.48,-0.9372546804101439,0.8,0.0,0.2,0.0,16,1499904000000
QA,MOS,2,208,2.156249999999997,-2.4418590655519714,0.7403846153846154,0.125,0.08173076923076923,0.052884615384615384,16,1499904000000
MY,CHR,2,6,-1.4333333333333333,-2.1081743125210815,0.3333333333333333,0.0,0.5,0.16666666666666666,16,1499904000000
LG,JEW,2,2,-5.0,-2.117028270874425,0.0,0.0,1.0,0.0,16,1499904000000
BM,NRM,2,1,3.4,11.3545816733068,1.0,0.0,0.0,0.0,16,1499904000000
CE,BUD,2,32,-0.9062500000000001,-1.8179257724223925,0.65625,0.03125,0.09375,0.21875,16,1499904000000
BU,CHR,2,1,0.0,-8.14558058925477,1.0,0.0,0.0,0.0,16,1499904000000
BY,CHR,2,3,-1.7666666666666666,-0.5736819112000132,0.6666666666666666,0.0,0.0,0.3333333333333333,16,1499904000000
UG,JEW,2,1,3.4,-3.64238410596026,1.0,0.0,0.0,0.0,16,1499904000000
US,NRM,2,136,3.144117647058823,0.553275499931527,0.8235294117647058,0.08088235294117647,0.08088235294117647,0.014705882352941176,16,1499904000000
SZ,NRM,2,2,7.0,1.57303370786517,1.0,0.0,0.0,0.0,16,1499904000000
US,ATH,2,67,-0.6134328358208955,-0.41037224180299614,0.43283582089552236,0.05970149253731343,0.43283582089552236,0.07462686567164178,16,1499904000000
NO,MOS,2,8,-2.775,-2.5716721520404464,0.25,0.0,0.5,0.25,16,1499904000000
CI,JEW,2,1,4.0,0.60882800608828,1.0,0.0,0.0,0.0,16,1499904000000
PE,MOS,2,1,-5.0,-5.60344827586207,0.0,0.0,0.0,1.0,16,1499904000000
ID,HIN,2,2,1.0,1.90839694656488,1.0,0.0,0.0,0.0,16,1499904000000
FI,HIN,2,1,6.0,0.38240917782027,0.0,1.0,0.0,0.0,16,1499904000000
LU,CHR,2,1,7.0,2.71739130434783,0.0,1.0,0.0,0.0,16,1499904000000
SA,HIN,2,3,1.2,-6.786035212727147,0.6666666666666666,0.0,0.3333333333333333,0.0,16,1499904000000
EG,NRM,2,2,1.9,0.38835389029941003,1.0,0.0,0.0,0.0,16,1499904000000
IZ,MOS,2,745,-2.251946308724828,-4.276049542533541,0.4268456375838926,0.0738255033557047,0.09798657718120805,0.40134228187919463,16,1499904000000
ZI,BUD,2,1,-2.0,-9.57446808510638,0.0,0.0,1.0,0.0,16,1499904000000
SO,HIN,2,2,-10.0,-6.1790623054451395,0.0,0.0,0.0,1.0,16,1499904000000
NI,SIK,2,4,3.85,-2.734375,1.0,0.0,0.0,0.0,16,1499904000000
GR,NRM,2,1,4.0,3.54729729729729,1.0,0.0,0.0,0.0,16,1499904000000
KV,MOS,2,5,1.8800000000000001,-2.3213281532213257,1.0,0.0,0.0,0.0,16,1499904000000
KG,CHR,2,2,-5.0,-2.66284309709135,0.0,0.0,0.0,1.0,16,1499904000000
CT,MOS,2,35,0.822857142857143,-5.041944893531785,0.2857142857142857,0.2857142857142857,0.3142857142857143,0.11428571428571428,16,1499904000000
LI,CHR,2,4,-1.5499999999999998,-8.551834195216536,0.5,0.0,0.0,0.5,16,1499904000000
AE,HIN,2,3,0.26666666666666666,-4.73684210526316,1.0,0.0,0.0,0.0,16,1499904000000
NH,CHR,2,1,1.9,-1.04529616724739,1.0,0.0,0.0,0.0,16,1499904000000
NG,MOS,2,3,-10.0,-2.4372049035880066,0.0,0.0,0.0,1.0,16,1499904000000
MN,CHR,2,1,-5.0,6.85714285714285,0.0,0.0,0.0,1.0,16,1499904000000
IR,JEW,2,18,0.5777777777777777,-2.876643105035912,0.7222222222222222,0.0,0.16666666666666666,0.1111111111111111,16,1499904000000
KN,NRM,2,1,1.0,1.98807157057654,1.0,0.0,0.0,0.0,16,1499904000000
BG,CHR,2,10,1.1099999999999999,-2.823285411939576,0.9,0.0,0.1,0.0,16,1499904000000
NL,MOS,2,11,1.2272727272727273,-3.018136167562747,0.6363636363636364,0.0,0.36363636363636365,0.0,16,1499904000000
IN,NRM,2,7,2.8000000000000003,1.9055196449534968,1.0,0.0,0.0,0.0,16,1499904000000
IS,NRM,2,2,4.0,3.95480225988701,1.0,0.0,0.0,0.0,16,1499904000000
BE,JEW,2,6,4.833333333333333,-2.872462814687975,0.8333333333333334,0.16666666666666666,0.0,0.0,16,1499904000000
FR,HIN,2,4,-0.40000000000000036,3.57179974463283,0.75,0.0,0.0,0.25,16,1499904000000
WE,HIN,2,2,2.0,4.06976744186047,1.0,0.0,0.0,0.0,16,1499904000000
EZ,JEW,2,8,3.1749999999999994,-5.1618488610462565,1.0,0.0,0.0,0.0,16,1499904000000
BN,CHR,2,5,2.66,-4.702634089727416,1.0,0.0,0.0,0.0,16,1499904000000
EC,CHR,2,4,0.7749999999999998,-0.0027524937234626456,0.75,0.0,0.25,0.0,16,1499904000000
JA,MOS,2,6,-2.5666666666666664,-3.726806395482623,0.16666666666666666,0.16666666666666666,0.16666666666666666,0.5,16,1499904000000
FI,MOS,2,3,0.6,-5.1313813813813836,0.6666666666666666,0.0,0.3333333333333333,0.0,16,1499904000000
GH,JEW,2,6,1.9000000000000001,1.498940868129105,1.0,0.0,0.0,0.0,16,1499904000000
FI,BUD,2,2,2.3499999999999996,-3.42612419700214,1.0,0.0,0.0,0.0,16,1499904000000
SF,CHR,2,29,1.8551724137931034,0.8065521480252454,0.7586206896551724,0.10344827586206896,0.13793103448275862,0.0,16,1499904000000
TD,CHR,2,15,1.6199999999999997,1.2010256401142776,0.8666666666666667,0.0,0.0,0.13333333333333333,16,1499904000000
FI,JEW,2,2,1.0,1.02127659574468,1.0,0.0,0.0,0.0,16,1499904000000
AS,CHR,2,146,-0.0506849315068496,-1.5422055909587224,0.6232876712328768,0.04794520547945205,0.18493150684931506,0.14383561643835616,16,1499904000000
CU,CHR,2,14,1.4071428571428573,-1.4462829603881726,0.8571428571428571,0.0,0.07142857142857142,0.07142857142857142,16,1499904000000
IN,ZRO,2,1,3.4,-1.22341426689253,1.0,0.0,0.0,0.0,16,1499904000000
AF,ZRO,2,1,3.4,-1.22341426689253,1.0,0.0,0.0,0.0,16,1499904000000
ZA,CHR,2,35,4.371428571428571,-0.30792139548297737,0.6571428571428571,0.3142857142857143,0.02857142857142857,0.0,16,1499904000000
BE,CHR,2,6,4.283333333333333,-1.0496495090729683,0.8333333333333334,0.16666666666666666,0.0,0.0,16,1499904000000
JA,BUD,2,7,4.328571428571428,1.4150842375132755,0.7142857142857143,0.2857142857142857,0.0,0.0,16,1499904000000
BT,HIN,2,2,-4.0,-1.8152255070075851,0.0,0.0,1.0,0.0,16,1499904000000
VM,NRM,2,4,4.0,-1.7608923785586348,1.0,0.0,0.0,0.0,16,1499904000000
JE,CHR,2,1,7.0,2.13776722090261,0.0,1.0,0.0,0.0,16,1499904000000
BB,MOS,2,3,3.1666666666666665,1.4444940214623367,1.0,0.0,0.0,0.0,16,1499904000000
BD,CHR,2,3,2.7999999999999994,3.6740146960587894,1.0,0.0,0.0,0.0,16,1499904000000
US,ADR,2,2,2.45,3.89908256880734,1.0,0.0,0.0,0.0,16,1499904000000
MX,SIK,2,2,3.4,6.06617647058824,1.0,0.0,0.0,0.0,16,1499904000000
PE,SIK,2,2,3.4,6.06617647058824,1.0,0.0,0.0,0.0,16,1499904000000
US,SHN,2,7,4.542857142857143,-0.6955046220582958,1.0,0.0,0.0,0.0,16,1499904000000
HK,MOS,2,5,0.64,-2.0747461174098842,0.8,0.0,0.2,0.0,16,1499904000000
TU,JEW,2,8,-0.5875000000000001,-3.941124473651116,0.5,0.0,0.375,0.125,16,1499904000000
HO,MOS,2,1,-10.0,-6.68953687821612,0.0,0.0,0.0,1.0,16,1499904000000
BM,HIN,2,6,-4.333333333333333,-5.624142661179721,0.3333333333333333,0.0,0.0,0.6666666666666666,16,1499904000000
BK,MOS,2,11,-2.4818181818181815,-8.26847787701439,0.45454545454545453,0.0,0.18181818181818182,0.36363636363636365,16,1499904000000
GT,JEW,2,2,-9.5,-4.94186046511628,0.0,0.0,0.0,1.0,16,1499904000000
MX,JEW,2,2,-0.6000000000000001,-1.144670285608535,0.5,0.0,0.5,0.0,16,1499904000000
RI,MOS,2,7,-3.357142857142857,-12.8314180259283,0.14285714285714285,0.0,0.42857142857142855,0.42857142857142855,16,1499904000000
VE,CHR,2,13,-0.3692307692307693,-5.212456014030469,0.6153846153846154,0.0,0.15384615384615385,0.23076923076923078,16,1499904000000
CM,MOS,2,9,-2.8333333333333335,-4.726722286161536,0.3333333333333333,0.1111111111111111,0.1111111111111111,0.4444444444444444,16,1499904000000
VM,CHR,2,21,1.6952380952380952,0.05166728240879627,0.7619047619047619,0.09523809523809523,0.0,0.14285714285714285,16,1499904000000
ML,MOS,2,11,2.2545454545454544,-4.13486009261364,0.2727272727272727,0.45454545454545453,0.09090909090909091,0.18181818181818182,16,1499904000000
WE,CHR,2,6,3.0500000000000003,-3.018049260477977,0.8333333333333334,0.16666666666666666,0.0,0.0,16,1499904000000
HU,CHR,2,11,3.9545454545454537,0.07519850342555601,0.6363636363636364,0.36363636363636365,0.0,0.0,16,1499904000000
KZ,CHR,2,2,-10.0,-3.74331550802139,0.0,0.0,0.0,1.0,16,1499904000000
RS,CHR,2,67,1.8432835820895526,-1.128900848150069,0.7611940298507462,0.13432835820895522,0.04477611940298507,0.05970149253731343,16,1499904000000
GQ,CHR,2,1,7.4,-4.16666666666666,0.0,1.0,0.0,0.0,16,1499904000000
RI,CHR,2,1,8.0,0.48529939909142,1.0,0.0,0.0,0.0,16,1499904000000
BE,HIN,2,1,-4.0,2.08816705336427,0.0,0.0,1.0,0.0,16,1499904000000
SU,MOS,2,23,3.286956521739131,-4.565584459209182,0.8260869565217391,0.043478260869565216,0.0,0.13043478260869565,16,1499904000000
CH,CHR,2,61,-1.467213114754098,-1.05737547941782,0.4918032786885246,0.03278688524590164,0.21311475409836064,0.26229508196721313,16,1499904000000
TX,MOS,2,5,-1.7599999999999998,-2.4379983161561123,0.6,0.0,0.2,0.2,16,1499904000000
GH,MOS,2,20,-0.7350000000000001,-0.048140745624985916,0.6,0.0,0.4,0.0,16,1499904000000
CB,CHR,2,3,2.2666666666666666,-0.4230263533985066,1.0,0.0,0.0,0.0,16,1499904000000
CH,JEW,2,15,2.5599999999999996,-1.6633490819806989,0.9333333333333333,0.0,0.0,0.06666666666666667,16,1499904000000
GM,MOS,2,133,-0.26616541353383477,-4.056605575826118,0.43609022556390975,0.12030075187969924,0.10526315789473684,0.3383458646616541,16,1499904000000
IV,MOS,2,5,3.0,-1.366443560642812,0.8,0.0,0.0,0.2,16,1499904000000
MX,CHR,2,43,-0.6046511627906979,-1.8233779876980656,0.5813953488372093,0.023255813953488372,0.20930232558139536,0.18604651162790697,16,1499904000000
CG,CHR,2,24,-5.433333333333334,-5.320416752428113,0.041666666666666664,0.20833333333333334,0.041666666666666664,0.7083333333333334,16,1499904000000
CF,CHR,2,53,-7.837735849056603,-3.6807258502844586,0.09433962264150944,0.018867924528301886,0.0,0.8867924528301887,16,1499904000000
WE,MOS,2,65,-1.3707692307692305,-5.42374169413557,0.5230769230769231,0.06153846153846154,0.12307692307692308,0.2923076923076923,16,1499904000000
FR,JEW,2,83,-0.07228915662650606,-2.904689460468115,0.6144578313253012,0.08433734939759036,0.10843373493975904,0.1927710843373494,16,1499904000000
BH,CHR,2,7,-0.07142857142857142,1.555923549503363,0.8571428571428571,0.0,0.0,0.14285714285714285,16,1499904000000
IS,CHR,2,164,0.2384146341463413,-2.149669927797382,0.7134146341463414,0.018292682926829267,0.13414634146341464,0.13414634146341464,16,1499904000000
IN,JAN,2,81,-0.39876543209876575,-2.171261979871178,0.6419753086419753,0.037037037037037035,0.13580246913580246,0.18518518518518517,16,1499904000000
SF,MOS,2,31,-1.0806451612903227,-2.6269068456585245,0.5483870967741935,0.0,0.2903225806451613,0.16129032258064516,16,1499904000000
UK,JEW,2,41,1.8219512195121947,-1.0732929128518072,0.7560975609756098,0.07317073170731707,0.0975609756097561,0.07317073170731707,16,1499904000000
CH,BUD,2,17,2.5941176470588228,-1.0752534721525104,0.6470588235294118,0.23529411764705882,0.058823529411764705,0.058823529411764705,16,1499904000000
TO,CHR,2,1,1.9,-4.50776080638179,1.0,0.0,0.0,0.0,16,1499904000000
AS,MOS,2,145,-0.09379310344827602,-2.508395879875312,0.5379310344827586,0.1103448275862069,0.19310344827586207,0.15862068965517243,16,1499904000000
HA,MOS,2,2,4.0,-6.35317658829415,1.0,0.0,0.0,0.0,16,1499904000000
IZ,CHR,2,94,-0.18723404255319165,-2.918430923778892,0.6382978723404256,0.06382978723404255,0.09574468085106383,0.20212765957446807,16,1499904000000
